# ShapeML export
mtllib fence_section3.mtl

v 0 0.12 0.025
v 3 0.12 0.025
v 3 0.12 -0.025
v 0 0.12 -0.025
v 0 0.17 0.025
v 3 0.17 0.025
v 3 0.17 -0.025
v 0 0.17 -0.025
v 0 0.6 0.025
v 3 0.6 0.025
v 3 0.6 -0.025
v 0 0.6 -0.025
v 0 0.65 0.025
v 3 0.65 0.025
v 3 0.65 -0.025
v 0 0.65 -0.025
v 0.144 0.17 0.016
v 0.175997 0.169574 0.016
v 0.175997 0.169574 -0.016
v 0.144 0.17 -0.016
v 0.151053 0.699953 0.016
v 0.183051 0.699527 0.016
v 0.183051 0.699527 -0.016
v 0.151053 0.699953 -0.016
v 0.124156 0.670308 0.0425
v 0.209149 0.669177 0.0425
v 0.209149 0.669177 -0.0425
v 0.124156 0.670308 -0.0425
v 0.168383 0.799731 2.77556e-17
v 0.166653 0.669743 2.77556e-17
v 0.367333 0.17 0.016
v 0.399328 0.170608 0.016
v 0.399328 0.170608 -0.016
v 0.367333 0.17 -0.016
v 0.357266 0.699904 0.016
v 0.38926 0.700512 0.016
v 0.38926 0.700512 -0.016
v 0.357266 0.699904 -0.016
v 0.331341 0.669406 0.0425
v 0.416325 0.671021 0.0425
v 0.416325 0.671021 -0.0425
v 0.331341 0.669406 -0.0425
v 0.372503 0.740201 2.77556e-17
v 0.373833 0.670214 2.77556e-17
v 0.590667 0.17 0.016
v 0.622667 0.169983 0.016
v 0.622667 0.169983 -0.016
v 0.590667 0.17 -0.016
v 0.590945 0.7 0.016
v 0.622945 0.699983 0.016
v 0.622945 0.699983 -0.016
v 0.590945 0.7 -0.016
v 0.56443 0.670014 0.0425
v 0.64943 0.669969 0.0425
v 0.64943 0.669969 -0.0425
v 0.56443 0.670014 -0.0425
v 0.606998 0.799991 2.77556e-17
v 0.60693 0.669992 2.77556e-17
v 0.814 0.17 0.016
v 0.846 0.170162 0.016
v 0.846 0.170162 -0.016
v 0.814 0.17 -0.016
v 0.811313 0.699993 0.016
v 0.843312 0.700155 0.016
v 0.843312 0.700155 -0.016
v 0.811313 0.699993 -0.016
v 0.784965 0.669859 0.0425
v 0.869964 0.67029 0.0425
v 0.869964 0.67029 -0.0425
v 0.784965 0.669859 -0.0425
v 0.827109 0.740074 2.77556e-17
v 0.827464 0.670075 2.77556e-17
v 1.03733 0.17 0.016
v 1.06933 0.170386 0.016
v 1.06933 0.170386 -0.016
v 1.03733 0.17 -0.016
v 1.03094 0.699961 0.016
v 1.06294 0.700348 0.016
v 1.06294 0.700348 -0.016
v 1.03094 0.699961 -0.016
v 1.0048 0.669644 0.0425
v 1.0898 0.670669 0.0425
v 1.0898 0.670669 -0.0425
v 1.0048 0.669644 -0.0425
v 1.04573 0.800147 2.77556e-17
v 1.0473 0.670157 2.77556e-17
v 1.26067 0.17 0.016
v 1.29267 0.170027 0.016
v 1.29267 0.170027 -0.016
v 1.26067 0.17 -0.016
v 1.26022 0.7 0.016
v 1.29222 0.700027 0.016
v 1.29222 0.700027 -0.016
v 1.26022 0.7 -0.016
v 1.23375 0.669978 0.0425
v 1.31875 0.670049 0.0425
v 1.31875 0.670049 -0.0425
v 1.23375 0.669978 -0.0425
v 1.27619 0.740013 2.77556e-17
v 1.27625 0.670013 2.77556e-17
v 1.484 0.17 0.016
v 1.516 0.169705 0.016
v 1.516 0.169705 -0.016
v 1.484 0.17 -0.016
v 1.48889 0.699977 0.016
v 1.52089 0.699682 0.016
v 1.52089 0.699682 -0.016
v 1.48889 0.699977 -0.016
v 1.46211 0.670223 0.0425
v 1.54711 0.669439 0.0425
v 1.54711 0.669439 -0.0425
v 1.46211 0.670223 -0.0425
v 1.50581 0.799826 2.77556e-17
v 1.50461 0.669831 2.77556e-17
v 1.70733 0.17 0.016
v 1.73933 0.169547 0.016
v 1.73933 0.169547 -0.016
v 1.70733 0.17 -0.016
v 1.71484 0.699947 0.016
v 1.74684 0.699493 0.016
v 1.74684 0.699493 -0.016
v 1.71484 0.699947 -0.016
v 1.68792 0.670325 0.0425
v 1.77291 0.669121 0.0425
v 1.77291 0.669121 -0.0425
v 1.68792 0.670325 -0.0425
v 1.73141 0.739716 2.77556e-17
v 1.73042 0.669723 2.77556e-17
v 1.93067 0.17 0.016
v 1.96266 0.169391 0.016
v 1.96266 0.169391 -0.016
v 1.93067 0.17 -0.016
v 1.94075 0.699904 0.016
v 1.97274 0.699295 0.016
v 1.97274 0.699295 -0.016
v 1.94075 0.699904 -0.016
v 1.91368 0.670414 0.0425
v 1.99867 0.668797 0.0425
v 1.99867 0.668797 -0.0425
v 1.91368 0.670414 -0.0425
v 1.95865 0.799582 2.77556e-17
v 1.95618 0.669605 2.77556e-17
v 2.154 0.17 0.016
v 2.186 0.170346 0.016
v 2.186 0.170346 -0.016
v 2.154 0.17 -0.016
v 2.14827 0.699969 0.016
v 2.18026 0.700315 0.016
v 2.18026 0.700315 -0.016
v 2.14827 0.699969 -0.016
v 2.12209 0.669684 0.0425
v 2.20709 0.670604 0.0425
v 2.20709 0.670604 -0.0425
v 2.12209 0.669684 -0.0425
v 2.16383 0.74014 2.77556e-17
v 2.16459 0.670144 2.77556e-17
v 2.37733 0.17 0.016
v 2.40933 0.169915 0.016
v 2.40933 0.169915 -0.016
v 2.37733 0.17 -0.016
v 2.37874 0.699998 0.016
v 2.41074 0.699913 0.016
v 2.41074 0.699913 -0.016
v 2.37874 0.699998 -0.016
v 2.35217 0.670069 0.0425
v 2.43716 0.669842 0.0425
v 2.43716 0.669842 -0.0425
v 2.35217 0.670069 -0.0425
v 2.39501 0.799955 2.77556e-17
v 2.39466 0.669956 2.77556e-17
v 2.60067 0.17 0.016
v 2.63266 0.169504 0.016
v 2.63266 0.169504 -0.016
v 2.60067 0.17 -0.016
v 2.60888 0.699936 0.016
v 2.64088 0.69944 0.016
v 2.64088 0.69944 -0.016
v 2.60888 0.699936 -0.016
v 2.58192 0.670351 0.0425
v 2.66691 0.669033 0.0425
v 2.66691 0.669033 -0.0425
v 2.58192 0.670351 -0.0425
v 2.6255 0.739683 2.77556e-17
v 2.62442 0.669692 2.77556e-17
v 2.824 0.17 0.016
v 2.856 0.170552 0.016
v 2.856 0.170552 -0.016
v 2.824 0.17 -0.016
v 2.81486 0.699921 0.016
v 2.84686 0.700473 0.016
v 2.84686 0.700473 -0.016
v 2.81486 0.699921 -0.016
v 2.78888 0.669469 0.0425
v 2.87387 0.670934 0.0425
v 2.87387 0.670934 -0.0425
v 2.78888 0.669469 -0.0425
v 2.82914 0.800182 2.77556e-17
v 2.83138 0.670202 2.77556e-17
v 0.252285 0.2979 -0.00697737
v 0.252285 0.2979 0.00697737
v 0.25472 0.308841 0.015678
v 0.257756 0.322485 0.0125728
v 0.259107 0.328556 5.42555e-18
v 0.257756 0.322485 -0.0125728
v 0.25472 0.308841 -0.015678
v 0.291048 0.2979 -0.00697737
v 0.291048 0.2979 0.00697737
v 0.288614 0.308841 0.015678
v 0.285578 0.322485 0.0125728
v 0.284227 0.328556 5.42555e-18
v 0.285578 0.322485 -0.0125728
v 0.288614 0.308841 -0.015678
v 0.325973 0.315151 -0.00697737
v 0.325973 0.315151 0.00697737
v 0.319151 0.323925 0.015678
v 0.310644 0.334866 0.0125728
v 0.306859 0.339736 4.74101e-18
v 0.310644 0.334866 -0.0125728
v 0.319151 0.323925 -0.015678
v 0.350141 0.346237 -0.00697737
v 0.350141 0.346237 0.00697737
v 0.340283 0.351106 0.015678
v 0.327991 0.357178 0.0125728
v 0.322521 0.35988 3.50752e-18
v 0.327991 0.357178 -0.0125728
v 0.340283 0.351106 -0.015678
v 0.358767 0.385 -0.00697737
v 0.358767 0.385 0.00697737
v 0.347826 0.385 0.015678
v 0.334182 0.385 0.0125728
v 0.32811 0.385 1.96938e-18
v 0.334182 0.385 -0.0125728
v 0.347826 0.385 -0.015678
v 0.350141 0.423763 -0.00697737
v 0.350141 0.423763 0.00697737
v 0.340283 0.418894 0.015678
v 0.327991 0.412822 0.0125728
v 0.322521 0.41012 4.31236e-19
v 0.327991 0.412822 -0.0125728
v 0.340283 0.418894 -0.015678
v 0.325973 0.454849 -0.00697737
v 0.325973 0.454849 0.00697737
v 0.319151 0.446075 0.015678
v 0.310644 0.435134 0.0125728
v 0.306859 0.430264 -8.02257e-19
v 0.310644 0.435134 -0.0125728
v 0.319151 0.446075 -0.015678
v 0.291048 0.4721 -0.00697737
v 0.291048 0.4721 0.00697737
v 0.288614 0.461159 0.015678
v 0.285578 0.447515 0.0125728
v 0.284227 0.441444 -1.48679e-18
v 0.285578 0.447515 -0.0125728
v 0.288614 0.461159 -0.015678
v 0.252285 0.4721 -0.00697737
v 0.252285 0.4721 0.00697737
v 0.25472 0.461159 0.015678
v 0.257756 0.447515 0.0125728
v 0.259107 0.441444 -1.48679e-18
v 0.257756 0.447515 -0.0125728
v 0.25472 0.461159 -0.015678
v 0.217361 0.454849 -0.00697737
v 0.217361 0.454849 0.00697737
v 0.224182 0.446075 0.015678
v 0.232689 0.435134 0.0125728
v 0.236475 0.430264 -8.02257e-19
v 0.232689 0.435134 -0.0125728
v 0.224182 0.446075 -0.015678
v 0.193192 0.423763 -0.00697737
v 0.193192 0.423763 0.00697737
v 0.20305 0.418894 0.015678
v 0.215342 0.412822 0.0125728
v 0.220813 0.41012 4.31236e-19
v 0.215342 0.412822 -0.0125728
v 0.20305 0.418894 -0.015678
v 0.184567 0.385 -0.00697737
v 0.184567 0.385 0.00697737
v 0.195508 0.385 0.015678
v 0.209151 0.385 0.0125728
v 0.215223 0.385 1.96938e-18
v 0.209151 0.385 -0.0125728
v 0.195508 0.385 -0.015678
v 0.193192 0.346237 -0.00697737
v 0.193192 0.346237 0.00697737
v 0.20305 0.351106 0.015678
v 0.215342 0.357178 0.0125728
v 0.220813 0.35988 3.50752e-18
v 0.215342 0.357178 -0.0125728
v 0.20305 0.351106 -0.015678
v 0.217361 0.315151 -0.00697737
v 0.217361 0.315151 0.00697737
v 0.224182 0.323925 0.015678
v 0.232689 0.334866 0.0125728
v 0.236475 0.339736 4.74101e-18
v 0.232689 0.334866 -0.0125728
v 0.224182 0.323925 -0.015678
v 0.475618 0.2979 -0.00697737
v 0.475618 0.2979 0.00697737
v 0.478053 0.308841 0.015678
v 0.481089 0.322485 0.0125728
v 0.48244 0.328556 5.42555e-18
v 0.481089 0.322485 -0.0125728
v 0.478053 0.308841 -0.015678
v 0.514382 0.2979 -0.00697737
v 0.514382 0.2979 0.00697737
v 0.511947 0.308841 0.015678
v 0.508911 0.322485 0.0125728
v 0.50756 0.328556 5.42555e-18
v 0.508911 0.322485 -0.0125728
v 0.511947 0.308841 -0.015678
v 0.549306 0.315151 -0.00697737
v 0.549306 0.315151 0.00697737
v 0.542484 0.323925 0.015678
v 0.533978 0.334866 0.0125728
v 0.530192 0.339736 4.74101e-18
v 0.533978 0.334866 -0.0125728
v 0.542484 0.323925 -0.015678
v 0.573474 0.346237 -0.00697737
v 0.573474 0.346237 0.00697737
v 0.563617 0.351106 0.015678
v 0.551324 0.357178 0.0125728
v 0.545854 0.35988 3.50752e-18
v 0.551324 0.357178 -0.0125728
v 0.563617 0.351106 -0.015678
v 0.5821 0.385 -0.00697737
v 0.5821 0.385 0.00697737
v 0.571159 0.385 0.015678
v 0.557515 0.385 0.0125728
v 0.551444 0.385 1.96938e-18
v 0.557515 0.385 -0.0125728
v 0.571159 0.385 -0.015678
v 0.573474 0.423763 -0.00697737
v 0.573474 0.423763 0.00697737
v 0.563617 0.418894 0.015678
v 0.551324 0.412822 0.0125728
v 0.545854 0.41012 4.31236e-19
v 0.551324 0.412822 -0.0125728
v 0.563617 0.418894 -0.015678
v 0.549306 0.454849 -0.00697737
v 0.549306 0.454849 0.00697737
v 0.542484 0.446075 0.015678
v 0.533978 0.435134 0.0125728
v 0.530192 0.430264 -8.02257e-19
v 0.533978 0.435134 -0.0125728
v 0.542484 0.446075 -0.015678
v 0.514382 0.4721 -0.00697737
v 0.514382 0.4721 0.00697737
v 0.511947 0.461159 0.015678
v 0.508911 0.447515 0.0125728
v 0.50756 0.441444 -1.48679e-18
v 0.508911 0.447515 -0.0125728
v 0.511947 0.461159 -0.015678
v 0.475618 0.4721 -0.00697737
v 0.475618 0.4721 0.00697737
v 0.478053 0.461159 0.015678
v 0.481089 0.447515 0.0125728
v 0.48244 0.441444 -1.48679e-18
v 0.481089 0.447515 -0.0125728
v 0.478053 0.461159 -0.015678
v 0.440694 0.454849 -0.00697737
v 0.440694 0.454849 0.00697737
v 0.447516 0.446075 0.015678
v 0.456022 0.435134 0.0125728
v 0.459808 0.430264 -8.02257e-19
v 0.456022 0.435134 -0.0125728
v 0.447516 0.446075 -0.015678
v 0.416526 0.423763 -0.00697737
v 0.416526 0.423763 0.00697737
v 0.426383 0.418894 0.015678
v 0.438676 0.412822 0.0125728
v 0.444146 0.41012 4.31236e-19
v 0.438676 0.412822 -0.0125728
v 0.426383 0.418894 -0.015678
v 0.4079 0.385 -0.00697737
v 0.4079 0.385 0.00697737
v 0.418841 0.385 0.015678
v 0.432485 0.385 0.0125728
v 0.438556 0.385 1.96938e-18
v 0.432485 0.385 -0.0125728
v 0.418841 0.385 -0.015678
v 0.416526 0.346237 -0.00697737
v 0.416526 0.346237 0.00697737
v 0.426383 0.351106 0.015678
v 0.438676 0.357178 0.0125728
v 0.444146 0.35988 3.50752e-18
v 0.438676 0.357178 -0.0125728
v 0.426383 0.351106 -0.015678
v 0.440694 0.315151 -0.00697737
v 0.440694 0.315151 0.00697737
v 0.447516 0.323925 0.015678
v 0.456022 0.334866 0.0125728
v 0.459808 0.339736 4.74101e-18
v 0.456022 0.334866 -0.0125728
v 0.447516 0.323925 -0.015678
v 0.698952 0.2979 -0.00697737
v 0.698952 0.2979 0.00697737
v 0.701386 0.308841 0.015678
v 0.704422 0.322485 0.0125728
v 0.705773 0.328556 5.42555e-18
v 0.704422 0.322485 -0.0125728
v 0.701386 0.308841 -0.015678
v 0.737715 0.2979 -0.00697737
v 0.737715 0.2979 0.00697737
v 0.73528 0.308841 0.015678
v 0.732244 0.322485 0.0125728
v 0.730893 0.328556 5.42555e-18
v 0.732244 0.322485 -0.0125728
v 0.73528 0.308841 -0.015678
v 0.772639 0.315151 -0.00697737
v 0.772639 0.315151 0.00697737
v 0.765818 0.323925 0.015678
v 0.757311 0.334866 0.0125728
v 0.753525 0.339736 4.74101e-18
v 0.757311 0.334866 -0.0125728
v 0.765818 0.323925 -0.015678
v 0.796808 0.346237 -0.00697737
v 0.796808 0.346237 0.00697737
v 0.78695 0.351106 0.015678
v 0.774658 0.357178 0.0125728
v 0.769187 0.35988 3.50752e-18
v 0.774658 0.357178 -0.0125728
v 0.78695 0.351106 -0.015678
v 0.805433 0.385 -0.00697737
v 0.805433 0.385 0.00697737
v 0.794492 0.385 0.015678
v 0.780849 0.385 0.0125728
v 0.774777 0.385 1.96938e-18
v 0.780849 0.385 -0.0125728
v 0.794492 0.385 -0.015678
v 0.796808 0.423763 -0.00697737
v 0.796808 0.423763 0.00697737
v 0.78695 0.418894 0.015678
v 0.774658 0.412822 0.0125728
v 0.769187 0.41012 4.31236e-19
v 0.774658 0.412822 -0.0125728
v 0.78695 0.418894 -0.015678
v 0.772639 0.454849 -0.00697737
v 0.772639 0.454849 0.00697737
v 0.765818 0.446075 0.015678
v 0.757311 0.435134 0.0125728
v 0.753525 0.430264 -8.02257e-19
v 0.757311 0.435134 -0.0125728
v 0.765818 0.446075 -0.015678
v 0.737715 0.4721 -0.00697737
v 0.737715 0.4721 0.00697737
v 0.73528 0.461159 0.015678
v 0.732244 0.447515 0.0125728
v 0.730893 0.441444 -1.48679e-18
v 0.732244 0.447515 -0.0125728
v 0.73528 0.461159 -0.015678
v 0.698952 0.4721 -0.00697737
v 0.698952 0.4721 0.00697737
v 0.701386 0.461159 0.015678
v 0.704422 0.447515 0.0125728
v 0.705773 0.441444 -1.48679e-18
v 0.704422 0.447515 -0.0125728
v 0.701386 0.461159 -0.015678
v 0.664027 0.454849 -0.00697737
v 0.664027 0.454849 0.00697737
v 0.670849 0.446075 0.015678
v 0.679356 0.435134 0.0125728
v 0.683141 0.430264 -8.02257e-19
v 0.679356 0.435134 -0.0125728
v 0.670849 0.446075 -0.015678
v 0.639859 0.423763 -0.00697737
v 0.639859 0.423763 0.00697737
v 0.649717 0.418894 0.015678
v 0.662009 0.412822 0.0125728
v 0.667479 0.41012 4.31236e-19
v 0.662009 0.412822 -0.0125728
v 0.649717 0.418894 -0.015678
v 0.631233 0.385 -0.00697737
v 0.631233 0.385 0.00697737
v 0.642174 0.385 0.015678
v 0.655818 0.385 0.0125728
v 0.66189 0.385 1.96938e-18
v 0.655818 0.385 -0.0125728
v 0.642174 0.385 -0.015678
v 0.639859 0.346237 -0.00697737
v 0.639859 0.346237 0.00697737
v 0.649717 0.351106 0.015678
v 0.662009 0.357178 0.0125728
v 0.667479 0.35988 3.50752e-18
v 0.662009 0.357178 -0.0125728
v 0.649717 0.351106 -0.015678
v 0.664027 0.315151 -0.00697737
v 0.664027 0.315151 0.00697737
v 0.670849 0.323925 0.015678
v 0.679356 0.334866 0.0125728
v 0.683141 0.339736 4.74101e-18
v 0.679356 0.334866 -0.0125728
v 0.670849 0.323925 -0.015678
v 0.922285 0.2979 -0.00697737
v 0.922285 0.2979 0.00697737
v 0.92472 0.308841 0.015678
v 0.927756 0.322485 0.0125728
v 0.929107 0.328556 5.42555e-18
v 0.927756 0.322485 -0.0125728
v 0.92472 0.308841 -0.015678
v 0.961048 0.2979 -0.00697737
v 0.961048 0.2979 0.00697737
v 0.958614 0.308841 0.015678
v 0.955578 0.322485 0.0125728
v 0.954227 0.328556 5.42555e-18
v 0.955578 0.322485 -0.0125728
v 0.958614 0.308841 -0.015678
v 0.995973 0.315151 -0.00697737
v 0.995973 0.315151 0.00697737
v 0.989151 0.323925 0.015678
v 0.980644 0.334866 0.0125728
v 0.976859 0.339736 4.74101e-18
v 0.980644 0.334866 -0.0125728
v 0.989151 0.323925 -0.015678
v 1.02014 0.346237 -0.00697737
v 1.02014 0.346237 0.00697737
v 1.01028 0.351106 0.015678
v 0.997991 0.357178 0.0125728
v 0.992521 0.35988 3.50752e-18
v 0.997991 0.357178 -0.0125728
v 1.01028 0.351106 -0.015678
v 1.02877 0.385 -0.00697737
v 1.02877 0.385 0.00697737
v 1.01783 0.385 0.015678
v 1.00418 0.385 0.0125728
v 0.99811 0.385 1.96938e-18
v 1.00418 0.385 -0.0125728
v 1.01783 0.385 -0.015678
v 1.02014 0.423763 -0.00697737
v 1.02014 0.423763 0.00697737
v 1.01028 0.418894 0.015678
v 0.997991 0.412822 0.0125728
v 0.992521 0.41012 4.31236e-19
v 0.997991 0.412822 -0.0125728
v 1.01028 0.418894 -0.015678
v 0.995973 0.454849 -0.00697737
v 0.995973 0.454849 0.00697737
v 0.989151 0.446075 0.015678
v 0.980644 0.435134 0.0125728
v 0.976859 0.430264 -8.02257e-19
v 0.980644 0.435134 -0.0125728
v 0.989151 0.446075 -0.015678
v 0.961048 0.4721 -0.00697737
v 0.961048 0.4721 0.00697737
v 0.958614 0.461159 0.015678
v 0.955578 0.447515 0.0125728
v 0.954227 0.441444 -1.48679e-18
v 0.955578 0.447515 -0.0125728
v 0.958614 0.461159 -0.015678
v 0.922285 0.4721 -0.00697737
v 0.922285 0.4721 0.00697737
v 0.92472 0.461159 0.015678
v 0.927756 0.447515 0.0125728
v 0.929107 0.441444 -1.48679e-18
v 0.927756 0.447515 -0.0125728
v 0.92472 0.461159 -0.015678
v 0.887361 0.454849 -0.00697737
v 0.887361 0.454849 0.00697737
v 0.894182 0.446075 0.015678
v 0.902689 0.435134 0.0125728
v 0.906475 0.430264 -8.02257e-19
v 0.902689 0.435134 -0.0125728
v 0.894182 0.446075 -0.015678
v 0.863192 0.423763 -0.00697737
v 0.863192 0.423763 0.00697737
v 0.87305 0.418894 0.015678
v 0.885342 0.412822 0.0125728
v 0.890813 0.41012 4.31236e-19
v 0.885342 0.412822 -0.0125728
v 0.87305 0.418894 -0.015678
v 0.854567 0.385 -0.00697737
v 0.854567 0.385 0.00697737
v 0.865508 0.385 0.015678
v 0.879151 0.385 0.0125728
v 0.885223 0.385 1.96938e-18
v 0.879151 0.385 -0.0125728
v 0.865508 0.385 -0.015678
v 0.863192 0.346237 -0.00697737
v 0.863192 0.346237 0.00697737
v 0.87305 0.351106 0.015678
v 0.885342 0.357178 0.0125728
v 0.890813 0.35988 3.50752e-18
v 0.885342 0.357178 -0.0125728
v 0.87305 0.351106 -0.015678
v 0.887361 0.315151 -0.00697737
v 0.887361 0.315151 0.00697737
v 0.894182 0.323925 0.015678
v 0.902689 0.334866 0.0125728
v 0.906475 0.339736 4.74101e-18
v 0.902689 0.334866 -0.0125728
v 0.894182 0.323925 -0.015678
v 1.14562 0.2979 -0.00697737
v 1.14562 0.2979 0.00697737
v 1.14805 0.308841 0.015678
v 1.15109 0.322485 0.0125728
v 1.15244 0.328556 5.42555e-18
v 1.15109 0.322485 -0.0125728
v 1.14805 0.308841 -0.015678
v 1.18438 0.2979 -0.00697737
v 1.18438 0.2979 0.00697737
v 1.18195 0.308841 0.015678
v 1.17891 0.322485 0.0125728
v 1.17756 0.328556 5.42555e-18
v 1.17891 0.322485 -0.0125728
v 1.18195 0.308841 -0.015678
v 1.21931 0.315151 -0.00697737
v 1.21931 0.315151 0.00697737
v 1.21248 0.323925 0.015678
v 1.20398 0.334866 0.0125728
v 1.20019 0.339736 4.74101e-18
v 1.20398 0.334866 -0.0125728
v 1.21248 0.323925 -0.015678
v 1.24347 0.346237 -0.00697737
v 1.24347 0.346237 0.00697737
v 1.23362 0.351106 0.015678
v 1.22132 0.357178 0.0125728
v 1.21585 0.35988 3.50752e-18
v 1.22132 0.357178 -0.0125728
v 1.23362 0.351106 -0.015678
v 1.2521 0.385 -0.00697737
v 1.2521 0.385 0.00697737
v 1.24116 0.385 0.015678
v 1.22752 0.385 0.0125728
v 1.22144 0.385 1.96938e-18
v 1.22752 0.385 -0.0125728
v 1.24116 0.385 -0.015678
v 1.24347 0.423763 -0.00697737
v 1.24347 0.423763 0.00697737
v 1.23362 0.418894 0.015678
v 1.22132 0.412822 0.0125728
v 1.21585 0.41012 4.31236e-19
v 1.22132 0.412822 -0.0125728
v 1.23362 0.418894 -0.015678
v 1.21931 0.454849 -0.00697737
v 1.21931 0.454849 0.00697737
v 1.21248 0.446075 0.015678
v 1.20398 0.435134 0.0125728
v 1.20019 0.430264 -8.02257e-19
v 1.20398 0.435134 -0.0125728
v 1.21248 0.446075 -0.015678
v 1.18438 0.4721 -0.00697737
v 1.18438 0.4721 0.00697737
v 1.18195 0.461159 0.015678
v 1.17891 0.447515 0.0125728
v 1.17756 0.441444 -1.48679e-18
v 1.17891 0.447515 -0.0125728
v 1.18195 0.461159 -0.015678
v 1.14562 0.4721 -0.00697737
v 1.14562 0.4721 0.00697737
v 1.14805 0.461159 0.015678
v 1.15109 0.447515 0.0125728
v 1.15244 0.441444 -1.48679e-18
v 1.15109 0.447515 -0.0125728
v 1.14805 0.461159 -0.015678
v 1.11069 0.454849 -0.00697737
v 1.11069 0.454849 0.00697737
v 1.11752 0.446075 0.015678
v 1.12602 0.435134 0.0125728
v 1.12981 0.430264 -8.02257e-19
v 1.12602 0.435134 -0.0125728
v 1.11752 0.446075 -0.015678
v 1.08653 0.423763 -0.00697737
v 1.08653 0.423763 0.00697737
v 1.09638 0.418894 0.015678
v 1.10868 0.412822 0.0125728
v 1.11415 0.41012 4.31236e-19
v 1.10868 0.412822 -0.0125728
v 1.09638 0.418894 -0.015678
v 1.0779 0.385 -0.00697737
v 1.0779 0.385 0.00697737
v 1.08884 0.385 0.015678
v 1.10248 0.385 0.0125728
v 1.10856 0.385 1.96938e-18
v 1.10248 0.385 -0.0125728
v 1.08884 0.385 -0.015678
v 1.08653 0.346237 -0.00697737
v 1.08653 0.346237 0.00697737
v 1.09638 0.351106 0.015678
v 1.10868 0.357178 0.0125728
v 1.11415 0.35988 3.50752e-18
v 1.10868 0.357178 -0.0125728
v 1.09638 0.351106 -0.015678
v 1.11069 0.315151 -0.00697737
v 1.11069 0.315151 0.00697737
v 1.11752 0.323925 0.015678
v 1.12602 0.334866 0.0125728
v 1.12981 0.339736 4.74101e-18
v 1.12602 0.334866 -0.0125728
v 1.11752 0.323925 -0.015678
v 1.36895 0.2979 -0.00697737
v 1.36895 0.2979 0.00697737
v 1.37139 0.308841 0.015678
v 1.37442 0.322485 0.0125728
v 1.37577 0.328556 5.42555e-18
v 1.37442 0.322485 -0.0125728
v 1.37139 0.308841 -0.015678
v 1.40771 0.2979 -0.00697737
v 1.40771 0.2979 0.00697737
v 1.40528 0.308841 0.015678
v 1.40224 0.322485 0.0125728
v 1.40089 0.328556 5.42555e-18
v 1.40224 0.322485 -0.0125728
v 1.40528 0.308841 -0.015678
v 1.44264 0.315151 -0.00697737
v 1.44264 0.315151 0.00697737
v 1.43582 0.323925 0.015678
v 1.42731 0.334866 0.0125728
v 1.42353 0.339736 4.74101e-18
v 1.42731 0.334866 -0.0125728
v 1.43582 0.323925 -0.015678
v 1.46681 0.346237 -0.00697737
v 1.46681 0.346237 0.00697737
v 1.45695 0.351106 0.015678
v 1.44466 0.357178 0.0125728
v 1.43919 0.35988 3.50752e-18
v 1.44466 0.357178 -0.0125728
v 1.45695 0.351106 -0.015678
v 1.47543 0.385 -0.00697737
v 1.47543 0.385 0.00697737
v 1.46449 0.385 0.015678
v 1.45085 0.385 0.0125728
v 1.44478 0.385 1.96938e-18
v 1.45085 0.385 -0.0125728
v 1.46449 0.385 -0.015678
v 1.46681 0.423763 -0.00697737
v 1.46681 0.423763 0.00697737
v 1.45695 0.418894 0.015678
v 1.44466 0.412822 0.0125728
v 1.43919 0.41012 4.31236e-19
v 1.44466 0.412822 -0.0125728
v 1.45695 0.418894 -0.015678
v 1.44264 0.454849 -0.00697737
v 1.44264 0.454849 0.00697737
v 1.43582 0.446075 0.015678
v 1.42731 0.435134 0.0125728
v 1.42353 0.430264 -8.02257e-19
v 1.42731 0.435134 -0.0125728
v 1.43582 0.446075 -0.015678
v 1.40771 0.4721 -0.00697737
v 1.40771 0.4721 0.00697737
v 1.40528 0.461159 0.015678
v 1.40224 0.447515 0.0125728
v 1.40089 0.441444 -1.48679e-18
v 1.40224 0.447515 -0.0125728
v 1.40528 0.461159 -0.015678
v 1.36895 0.4721 -0.00697737
v 1.36895 0.4721 0.00697737
v 1.37139 0.461159 0.015678
v 1.37442 0.447515 0.0125728
v 1.37577 0.441444 -1.48679e-18
v 1.37442 0.447515 -0.0125728
v 1.37139 0.461159 -0.015678
v 1.33403 0.454849 -0.00697737
v 1.33403 0.454849 0.00697737
v 1.34085 0.446075 0.015678
v 1.34936 0.435134 0.0125728
v 1.35314 0.430264 -8.02257e-19
v 1.34936 0.435134 -0.0125728
v 1.34085 0.446075 -0.015678
v 1.30986 0.423763 -0.00697737
v 1.30986 0.423763 0.00697737
v 1.31972 0.418894 0.015678
v 1.33201 0.412822 0.0125728
v 1.33748 0.41012 4.31236e-19
v 1.33201 0.412822 -0.0125728
v 1.31972 0.418894 -0.015678
v 1.30123 0.385 -0.00697737
v 1.30123 0.385 0.00697737
v 1.31217 0.385 0.015678
v 1.32582 0.385 0.0125728
v 1.33189 0.385 1.96938e-18
v 1.32582 0.385 -0.0125728
v 1.31217 0.385 -0.015678
v 1.30986 0.346237 -0.00697737
v 1.30986 0.346237 0.00697737
v 1.31972 0.351106 0.015678
v 1.33201 0.357178 0.0125728
v 1.33748 0.35988 3.50752e-18
v 1.33201 0.357178 -0.0125728
v 1.31972 0.351106 -0.015678
v 1.33403 0.315151 -0.00697737
v 1.33403 0.315151 0.00697737
v 1.34085 0.323925 0.015678
v 1.34936 0.334866 0.0125728
v 1.35314 0.339736 4.74101e-18
v 1.34936 0.334866 -0.0125728
v 1.34085 0.323925 -0.015678
v 1.59229 0.2979 -0.00697737
v 1.59229 0.2979 0.00697737
v 1.59472 0.308841 0.015678
v 1.59776 0.322485 0.0125728
v 1.59911 0.328556 5.42555e-18
v 1.59776 0.322485 -0.0125728
v 1.59472 0.308841 -0.015678
v 1.63105 0.2979 -0.00697737
v 1.63105 0.2979 0.00697737
v 1.62861 0.308841 0.015678
v 1.62558 0.322485 0.0125728
v 1.62423 0.328556 5.42555e-18
v 1.62558 0.322485 -0.0125728
v 1.62861 0.308841 -0.015678
v 1.66597 0.315151 -0.00697737
v 1.66597 0.315151 0.00697737
v 1.65915 0.323925 0.015678
v 1.65064 0.334866 0.0125728
v 1.64686 0.339736 4.74101e-18
v 1.65064 0.334866 -0.0125728
v 1.65915 0.323925 -0.015678
v 1.69014 0.346237 -0.00697737
v 1.69014 0.346237 0.00697737
v 1.68028 0.351106 0.015678
v 1.66799 0.357178 0.0125728
v 1.66252 0.35988 3.50752e-18
v 1.66799 0.357178 -0.0125728
v 1.68028 0.351106 -0.015678
v 1.69877 0.385 -0.00697737
v 1.69877 0.385 0.00697737
v 1.68783 0.385 0.015678
v 1.67418 0.385 0.0125728
v 1.66811 0.385 1.96938e-18
v 1.67418 0.385 -0.0125728
v 1.68783 0.385 -0.015678
v 1.69014 0.423763 -0.00697737
v 1.69014 0.423763 0.00697737
v 1.68028 0.418894 0.015678
v 1.66799 0.412822 0.0125728
v 1.66252 0.41012 4.31236e-19
v 1.66799 0.412822 -0.0125728
v 1.68028 0.418894 -0.015678
v 1.66597 0.454849 -0.00697737
v 1.66597 0.454849 0.00697737
v 1.65915 0.446075 0.015678
v 1.65064 0.435134 0.0125728
v 1.64686 0.430264 -8.02257e-19
v 1.65064 0.435134 -0.0125728
v 1.65915 0.446075 -0.015678
v 1.63105 0.4721 -0.00697737
v 1.63105 0.4721 0.00697737
v 1.62861 0.461159 0.015678
v 1.62558 0.447515 0.0125728
v 1.62423 0.441444 -1.48679e-18
v 1.62558 0.447515 -0.0125728
v 1.62861 0.461159 -0.015678
v 1.59229 0.4721 -0.00697737
v 1.59229 0.4721 0.00697737
v 1.59472 0.461159 0.015678
v 1.59776 0.447515 0.0125728
v 1.59911 0.441444 -1.48679e-18
v 1.59776 0.447515 -0.0125728
v 1.59472 0.461159 -0.015678
v 1.55736 0.454849 -0.00697737
v 1.55736 0.454849 0.00697737
v 1.56418 0.446075 0.015678
v 1.57269 0.435134 0.0125728
v 1.57647 0.430264 -8.02257e-19
v 1.57269 0.435134 -0.0125728
v 1.56418 0.446075 -0.015678
v 1.53319 0.423763 -0.00697737
v 1.53319 0.423763 0.00697737
v 1.54305 0.418894 0.015678
v 1.55534 0.412822 0.0125728
v 1.56081 0.41012 4.31236e-19
v 1.55534 0.412822 -0.0125728
v 1.54305 0.418894 -0.015678
v 1.52457 0.385 -0.00697737
v 1.52457 0.385 0.00697737
v 1.53551 0.385 0.015678
v 1.54915 0.385 0.0125728
v 1.55522 0.385 1.96938e-18
v 1.54915 0.385 -0.0125728
v 1.53551 0.385 -0.015678
v 1.53319 0.346237 -0.00697737
v 1.53319 0.346237 0.00697737
v 1.54305 0.351106 0.015678
v 1.55534 0.357178 0.0125728
v 1.56081 0.35988 3.50752e-18
v 1.55534 0.357178 -0.0125728
v 1.54305 0.351106 -0.015678
v 1.55736 0.315151 -0.00697737
v 1.55736 0.315151 0.00697737
v 1.56418 0.323925 0.015678
v 1.57269 0.334866 0.0125728
v 1.57647 0.339736 4.74101e-18
v 1.57269 0.334866 -0.0125728
v 1.56418 0.323925 -0.015678
v 1.81562 0.2979 -0.00697737
v 1.81562 0.2979 0.00697737
v 1.81805 0.308841 0.015678
v 1.82109 0.322485 0.0125728
v 1.82244 0.328556 5.42555e-18
v 1.82109 0.322485 -0.0125728
v 1.81805 0.308841 -0.015678
v 1.85438 0.2979 -0.00697737
v 1.85438 0.2979 0.00697737
v 1.85195 0.308841 0.015678
v 1.84891 0.322485 0.0125728
v 1.84756 0.328556 5.42555e-18
v 1.84891 0.322485 -0.0125728
v 1.85195 0.308841 -0.015678
v 1.88931 0.315151 -0.00697737
v 1.88931 0.315151 0.00697737
v 1.88248 0.323925 0.015678
v 1.87398 0.334866 0.0125728
v 1.87019 0.339736 4.74101e-18
v 1.87398 0.334866 -0.0125728
v 1.88248 0.323925 -0.015678
v 1.91347 0.346237 -0.00697737
v 1.91347 0.346237 0.00697737
v 1.90362 0.351106 0.015678
v 1.89132 0.357178 0.0125728
v 1.88585 0.35988 3.50752e-18
v 1.89132 0.357178 -0.0125728
v 1.90362 0.351106 -0.015678
v 1.9221 0.385 -0.00697737
v 1.9221 0.385 0.00697737
v 1.91116 0.385 0.015678
v 1.89752 0.385 0.0125728
v 1.89144 0.385 1.96938e-18
v 1.89752 0.385 -0.0125728
v 1.91116 0.385 -0.015678
v 1.91347 0.423763 -0.00697737
v 1.91347 0.423763 0.00697737
v 1.90362 0.418894 0.015678
v 1.89132 0.412822 0.0125728
v 1.88585 0.41012 4.31236e-19
v 1.89132 0.412822 -0.0125728
v 1.90362 0.418894 -0.015678
v 1.88931 0.454849 -0.00697737
v 1.88931 0.454849 0.00697737
v 1.88248 0.446075 0.015678
v 1.87398 0.435134 0.0125728
v 1.87019 0.430264 -8.02257e-19
v 1.87398 0.435134 -0.0125728
v 1.88248 0.446075 -0.015678
v 1.85438 0.4721 -0.00697737
v 1.85438 0.4721 0.00697737
v 1.85195 0.461159 0.015678
v 1.84891 0.447515 0.0125728
v 1.84756 0.441444 -1.48679e-18
v 1.84891 0.447515 -0.0125728
v 1.85195 0.461159 -0.015678
v 1.81562 0.4721 -0.00697737
v 1.81562 0.4721 0.00697737
v 1.81805 0.461159 0.015678
v 1.82109 0.447515 0.0125728
v 1.82244 0.441444 -1.48679e-18
v 1.82109 0.447515 -0.0125728
v 1.81805 0.461159 -0.015678
v 1.78069 0.454849 -0.00697737
v 1.78069 0.454849 0.00697737
v 1.78752 0.446075 0.015678
v 1.79602 0.435134 0.0125728
v 1.79981 0.430264 -8.02257e-19
v 1.79602 0.435134 -0.0125728
v 1.78752 0.446075 -0.015678
v 1.75653 0.423763 -0.00697737
v 1.75653 0.423763 0.00697737
v 1.76638 0.418894 0.015678
v 1.77868 0.412822 0.0125728
v 1.78415 0.41012 4.31236e-19
v 1.77868 0.412822 -0.0125728
v 1.76638 0.418894 -0.015678
v 1.7479 0.385 -0.00697737
v 1.7479 0.385 0.00697737
v 1.75884 0.385 0.015678
v 1.77248 0.385 0.0125728
v 1.77856 0.385 1.96938e-18
v 1.77248 0.385 -0.0125728
v 1.75884 0.385 -0.015678
v 1.75653 0.346237 -0.00697737
v 1.75653 0.346237 0.00697737
v 1.76638 0.351106 0.015678
v 1.77868 0.357178 0.0125728
v 1.78415 0.35988 3.50752e-18
v 1.77868 0.357178 -0.0125728
v 1.76638 0.351106 -0.015678
v 1.78069 0.315151 -0.00697737
v 1.78069 0.315151 0.00697737
v 1.78752 0.323925 0.015678
v 1.79602 0.334866 0.0125728
v 1.79981 0.339736 4.74101e-18
v 1.79602 0.334866 -0.0125728
v 1.78752 0.323925 -0.015678
v 2.03895 0.2979 -0.00697737
v 2.03895 0.2979 0.00697737
v 2.04139 0.308841 0.015678
v 2.04442 0.322485 0.0125728
v 2.04577 0.328556 5.42555e-18
v 2.04442 0.322485 -0.0125728
v 2.04139 0.308841 -0.015678
v 2.07771 0.2979 -0.00697737
v 2.07771 0.2979 0.00697737
v 2.07528 0.308841 0.015678
v 2.07224 0.322485 0.0125728
v 2.07089 0.328556 5.42555e-18
v 2.07224 0.322485 -0.0125728
v 2.07528 0.308841 -0.015678
v 2.11264 0.315151 -0.00697737
v 2.11264 0.315151 0.00697737
v 2.10582 0.323925 0.015678
v 2.09731 0.334866 0.0125728
v 2.09353 0.339736 4.74101e-18
v 2.09731 0.334866 -0.0125728
v 2.10582 0.323925 -0.015678
v 2.13681 0.346237 -0.00697737
v 2.13681 0.346237 0.00697737
v 2.12695 0.351106 0.015678
v 2.11466 0.357178 0.0125728
v 2.10919 0.35988 3.50752e-18
v 2.11466 0.357178 -0.0125728
v 2.12695 0.351106 -0.015678
v 2.14543 0.385 -0.00697737
v 2.14543 0.385 0.00697737
v 2.13449 0.385 0.015678
v 2.12085 0.385 0.0125728
v 2.11478 0.385 1.96938e-18
v 2.12085 0.385 -0.0125728
v 2.13449 0.385 -0.015678
v 2.13681 0.423763 -0.00697737
v 2.13681 0.423763 0.00697737
v 2.12695 0.418894 0.015678
v 2.11466 0.412822 0.0125728
v 2.10919 0.41012 4.31236e-19
v 2.11466 0.412822 -0.0125728
v 2.12695 0.418894 -0.015678
v 2.11264 0.454849 -0.00697737
v 2.11264 0.454849 0.00697737
v 2.10582 0.446075 0.015678
v 2.09731 0.435134 0.0125728
v 2.09353 0.430264 -8.02257e-19
v 2.09731 0.435134 -0.0125728
v 2.10582 0.446075 -0.015678
v 2.07771 0.4721 -0.00697737
v 2.07771 0.4721 0.00697737
v 2.07528 0.461159 0.015678
v 2.07224 0.447515 0.0125728
v 2.07089 0.441444 -1.48679e-18
v 2.07224 0.447515 -0.0125728
v 2.07528 0.461159 -0.015678
v 2.03895 0.4721 -0.00697737
v 2.03895 0.4721 0.00697737
v 2.04139 0.461159 0.015678
v 2.04442 0.447515 0.0125728
v 2.04577 0.441444 -1.48679e-18
v 2.04442 0.447515 -0.0125728
v 2.04139 0.461159 -0.015678
v 2.00403 0.454849 -0.00697737
v 2.00403 0.454849 0.00697737
v 2.01085 0.446075 0.015678
v 2.01936 0.435134 0.0125728
v 2.02314 0.430264 -8.02257e-19
v 2.01936 0.435134 -0.0125728
v 2.01085 0.446075 -0.015678
v 1.97986 0.423763 -0.00697737
v 1.97986 0.423763 0.00697737
v 1.98972 0.418894 0.015678
v 2.00201 0.412822 0.0125728
v 2.00748 0.41012 4.31236e-19
v 2.00201 0.412822 -0.0125728
v 1.98972 0.418894 -0.015678
v 1.97123 0.385 -0.00697737
v 1.97123 0.385 0.00697737
v 1.98217 0.385 0.015678
v 1.99582 0.385 0.0125728
v 2.00189 0.385 1.96938e-18
v 1.99582 0.385 -0.0125728
v 1.98217 0.385 -0.015678
v 1.97986 0.346237 -0.00697737
v 1.97986 0.346237 0.00697737
v 1.98972 0.351106 0.015678
v 2.00201 0.357178 0.0125728
v 2.00748 0.35988 3.50752e-18
v 2.00201 0.357178 -0.0125728
v 1.98972 0.351106 -0.015678
v 2.00403 0.315151 -0.00697737
v 2.00403 0.315151 0.00697737
v 2.01085 0.323925 0.015678
v 2.01936 0.334866 0.0125728
v 2.02314 0.339736 4.74101e-18
v 2.01936 0.334866 -0.0125728
v 2.01085 0.323925 -0.015678
v 2.26229 0.2979 -0.00697737
v 2.26229 0.2979 0.00697737
v 2.26472 0.308841 0.015678
v 2.26776 0.322485 0.0125728
v 2.26911 0.328556 5.42555e-18
v 2.26776 0.322485 -0.0125728
v 2.26472 0.308841 -0.015678
v 2.30105 0.2979 -0.00697737
v 2.30105 0.2979 0.00697737
v 2.29861 0.308841 0.015678
v 2.29558 0.322485 0.0125728
v 2.29423 0.328556 5.42555e-18
v 2.29558 0.322485 -0.0125728
v 2.29861 0.308841 -0.015678
v 2.33597 0.315151 -0.00697737
v 2.33597 0.315151 0.00697737
v 2.32915 0.323925 0.015678
v 2.32064 0.334866 0.0125728
v 2.31686 0.339736 4.74101e-18
v 2.32064 0.334866 -0.0125728
v 2.32915 0.323925 -0.015678
v 2.36014 0.346237 -0.00697737
v 2.36014 0.346237 0.00697737
v 2.35028 0.351106 0.015678
v 2.33799 0.357178 0.0125728
v 2.33252 0.35988 3.50752e-18
v 2.33799 0.357178 -0.0125728
v 2.35028 0.351106 -0.015678
v 2.36877 0.385 -0.00697737
v 2.36877 0.385 0.00697737
v 2.35783 0.385 0.015678
v 2.34418 0.385 0.0125728
v 2.33811 0.385 1.96938e-18
v 2.34418 0.385 -0.0125728
v 2.35783 0.385 -0.015678
v 2.36014 0.423763 -0.00697737
v 2.36014 0.423763 0.00697737
v 2.35028 0.418894 0.015678
v 2.33799 0.412822 0.0125728
v 2.33252 0.41012 4.31236e-19
v 2.33799 0.412822 -0.0125728
v 2.35028 0.418894 -0.015678
v 2.33597 0.454849 -0.00697737
v 2.33597 0.454849 0.00697737
v 2.32915 0.446075 0.015678
v 2.32064 0.435134 0.0125728
v 2.31686 0.430264 -8.02257e-19
v 2.32064 0.435134 -0.0125728
v 2.32915 0.446075 -0.015678
v 2.30105 0.4721 -0.00697737
v 2.30105 0.4721 0.00697737
v 2.29861 0.461159 0.015678
v 2.29558 0.447515 0.0125728
v 2.29423 0.441444 -1.48679e-18
v 2.29558 0.447515 -0.0125728
v 2.29861 0.461159 -0.015678
v 2.26229 0.4721 -0.00697737
v 2.26229 0.4721 0.00697737
v 2.26472 0.461159 0.015678
v 2.26776 0.447515 0.0125728
v 2.26911 0.441444 -1.48679e-18
v 2.26776 0.447515 -0.0125728
v 2.26472 0.461159 -0.015678
v 2.22736 0.454849 -0.00697737
v 2.22736 0.454849 0.00697737
v 2.23418 0.446075 0.015678
v 2.24269 0.435134 0.0125728
v 2.24647 0.430264 -8.02257e-19
v 2.24269 0.435134 -0.0125728
v 2.23418 0.446075 -0.015678
v 2.20319 0.423763 -0.00697737
v 2.20319 0.423763 0.00697737
v 2.21305 0.418894 0.015678
v 2.22534 0.412822 0.0125728
v 2.23081 0.41012 4.31236e-19
v 2.22534 0.412822 -0.0125728
v 2.21305 0.418894 -0.015678
v 2.19457 0.385 -0.00697737
v 2.19457 0.385 0.00697737
v 2.20551 0.385 0.015678
v 2.21915 0.385 0.0125728
v 2.22522 0.385 1.96938e-18
v 2.21915 0.385 -0.0125728
v 2.20551 0.385 -0.015678
v 2.20319 0.346237 -0.00697737
v 2.20319 0.346237 0.00697737
v 2.21305 0.351106 0.015678
v 2.22534 0.357178 0.0125728
v 2.23081 0.35988 3.50752e-18
v 2.22534 0.357178 -0.0125728
v 2.21305 0.351106 -0.015678
v 2.22736 0.315151 -0.00697737
v 2.22736 0.315151 0.00697737
v 2.23418 0.323925 0.015678
v 2.24269 0.334866 0.0125728
v 2.24647 0.339736 4.74101e-18
v 2.24269 0.334866 -0.0125728
v 2.23418 0.323925 -0.015678
v 2.48562 0.2979 -0.00697737
v 2.48562 0.2979 0.00697737
v 2.48805 0.308841 0.015678
v 2.49109 0.322485 0.0125728
v 2.49244 0.328556 5.42555e-18
v 2.49109 0.322485 -0.0125728
v 2.48805 0.308841 -0.015678
v 2.52438 0.2979 -0.00697737
v 2.52438 0.2979 0.00697737
v 2.52195 0.308841 0.015678
v 2.51891 0.322485 0.0125728
v 2.51756 0.328556 5.42555e-18
v 2.51891 0.322485 -0.0125728
v 2.52195 0.308841 -0.015678
v 2.55931 0.315151 -0.00697737
v 2.55931 0.315151 0.00697737
v 2.55248 0.323925 0.015678
v 2.54398 0.334866 0.0125728
v 2.54019 0.339736 4.74101e-18
v 2.54398 0.334866 -0.0125728
v 2.55248 0.323925 -0.015678
v 2.58347 0.346237 -0.00697737
v 2.58347 0.346237 0.00697737
v 2.57362 0.351106 0.015678
v 2.56132 0.357178 0.0125728
v 2.55585 0.35988 3.50752e-18
v 2.56132 0.357178 -0.0125728
v 2.57362 0.351106 -0.015678
v 2.5921 0.385 -0.00697737
v 2.5921 0.385 0.00697737
v 2.58116 0.385 0.015678
v 2.56752 0.385 0.0125728
v 2.56144 0.385 1.96938e-18
v 2.56752 0.385 -0.0125728
v 2.58116 0.385 -0.015678
v 2.58347 0.423763 -0.00697737
v 2.58347 0.423763 0.00697737
v 2.57362 0.418894 0.015678
v 2.56132 0.412822 0.0125728
v 2.55585 0.41012 4.31236e-19
v 2.56132 0.412822 -0.0125728
v 2.57362 0.418894 -0.015678
v 2.55931 0.454849 -0.00697737
v 2.55931 0.454849 0.00697737
v 2.55248 0.446075 0.015678
v 2.54398 0.435134 0.0125728
v 2.54019 0.430264 -8.02257e-19
v 2.54398 0.435134 -0.0125728
v 2.55248 0.446075 -0.015678
v 2.52438 0.4721 -0.00697737
v 2.52438 0.4721 0.00697737
v 2.52195 0.461159 0.015678
v 2.51891 0.447515 0.0125728
v 2.51756 0.441444 -1.48679e-18
v 2.51891 0.447515 -0.0125728
v 2.52195 0.461159 -0.015678
v 2.48562 0.4721 -0.00697737
v 2.48562 0.4721 0.00697737
v 2.48805 0.461159 0.015678
v 2.49109 0.447515 0.0125728
v 2.49244 0.441444 -1.48679e-18
v 2.49109 0.447515 -0.0125728
v 2.48805 0.461159 -0.015678
v 2.45069 0.454849 -0.00697737
v 2.45069 0.454849 0.00697737
v 2.45752 0.446075 0.015678
v 2.46602 0.435134 0.0125728
v 2.46981 0.430264 -8.02257e-19
v 2.46602 0.435134 -0.0125728
v 2.45752 0.446075 -0.015678
v 2.42653 0.423763 -0.00697737
v 2.42653 0.423763 0.00697737
v 2.43638 0.418894 0.015678
v 2.44868 0.412822 0.0125728
v 2.45415 0.41012 4.31236e-19
v 2.44868 0.412822 -0.0125728
v 2.43638 0.418894 -0.015678
v 2.4179 0.385 -0.00697737
v 2.4179 0.385 0.00697737
v 2.42884 0.385 0.015678
v 2.44248 0.385 0.0125728
v 2.44856 0.385 1.96938e-18
v 2.44248 0.385 -0.0125728
v 2.42884 0.385 -0.015678
v 2.42653 0.346237 -0.00697737
v 2.42653 0.346237 0.00697737
v 2.43638 0.351106 0.015678
v 2.44868 0.357178 0.0125728
v 2.45415 0.35988 3.50752e-18
v 2.44868 0.357178 -0.0125728
v 2.43638 0.351106 -0.015678
v 2.45069 0.315151 -0.00697737
v 2.45069 0.315151 0.00697737
v 2.45752 0.323925 0.015678
v 2.46602 0.334866 0.0125728
v 2.46981 0.339736 4.74101e-18
v 2.46602 0.334866 -0.0125728
v 2.45752 0.323925 -0.015678
v 2.70895 0.2979 -0.00697737
v 2.70895 0.2979 0.00697737
v 2.71139 0.308841 0.015678
v 2.71442 0.322485 0.0125728
v 2.71577 0.328556 5.42555e-18
v 2.71442 0.322485 -0.0125728
v 2.71139 0.308841 -0.015678
v 2.74771 0.2979 -0.00697737
v 2.74771 0.2979 0.00697737
v 2.74528 0.308841 0.015678
v 2.74224 0.322485 0.0125728
v 2.74089 0.328556 5.42555e-18
v 2.74224 0.322485 -0.0125728
v 2.74528 0.308841 -0.015678
v 2.78264 0.315151 -0.00697737
v 2.78264 0.315151 0.00697737
v 2.77582 0.323925 0.015678
v 2.76731 0.334866 0.0125728
v 2.76353 0.339736 4.74101e-18
v 2.76731 0.334866 -0.0125728
v 2.77582 0.323925 -0.015678
v 2.80681 0.346237 -0.00697737
v 2.80681 0.346237 0.00697737
v 2.79695 0.351106 0.015678
v 2.78466 0.357178 0.0125728
v 2.77919 0.35988 3.50752e-18
v 2.78466 0.357178 -0.0125728
v 2.79695 0.351106 -0.015678
v 2.81543 0.385 -0.00697737
v 2.81543 0.385 0.00697737
v 2.80449 0.385 0.015678
v 2.79085 0.385 0.0125728
v 2.78478 0.385 1.96938e-18
v 2.79085 0.385 -0.0125728
v 2.80449 0.385 -0.015678
v 2.80681 0.423763 -0.00697737
v 2.80681 0.423763 0.00697737
v 2.79695 0.418894 0.015678
v 2.78466 0.412822 0.0125728
v 2.77919 0.41012 4.31236e-19
v 2.78466 0.412822 -0.0125728
v 2.79695 0.418894 -0.015678
v 2.78264 0.454849 -0.00697737
v 2.78264 0.454849 0.00697737
v 2.77582 0.446075 0.015678
v 2.76731 0.435134 0.0125728
v 2.76353 0.430264 -8.02257e-19
v 2.76731 0.435134 -0.0125728
v 2.77582 0.446075 -0.015678
v 2.74771 0.4721 -0.00697737
v 2.74771 0.4721 0.00697737
v 2.74528 0.461159 0.015678
v 2.74224 0.447515 0.0125728
v 2.74089 0.441444 -1.48679e-18
v 2.74224 0.447515 -0.0125728
v 2.74528 0.461159 -0.015678
v 2.70895 0.4721 -0.00697737
v 2.70895 0.4721 0.00697737
v 2.71139 0.461159 0.015678
v 2.71442 0.447515 0.0125728
v 2.71577 0.441444 -1.48679e-18
v 2.71442 0.447515 -0.0125728
v 2.71139 0.461159 -0.015678
v 2.67403 0.454849 -0.00697737
v 2.67403 0.454849 0.00697737
v 2.68085 0.446075 0.015678
v 2.68936 0.435134 0.0125728
v 2.69314 0.430264 -8.02257e-19
v 2.68936 0.435134 -0.0125728
v 2.68085 0.446075 -0.015678
v 2.64986 0.423763 -0.00697737
v 2.64986 0.423763 0.00697737
v 2.65972 0.418894 0.015678
v 2.67201 0.412822 0.0125728
v 2.67748 0.41012 4.31236e-19
v 2.67201 0.412822 -0.0125728
v 2.65972 0.418894 -0.015678
v 2.64123 0.385 -0.00697737
v 2.64123 0.385 0.00697737
v 2.65217 0.385 0.015678
v 2.66582 0.385 0.0125728
v 2.67189 0.385 1.96938e-18
v 2.66582 0.385 -0.0125728
v 2.65217 0.385 -0.015678
v 2.64986 0.346237 -0.00697737
v 2.64986 0.346237 0.00697737
v 2.65972 0.351106 0.015678
v 2.67201 0.357178 0.0125728
v 2.67748 0.35988 3.50752e-18
v 2.67201 0.357178 -0.0125728
v 2.65972 0.351106 -0.015678
v 2.67403 0.315151 -0.00697737
v 2.67403 0.315151 0.00697737
v 2.68085 0.323925 0.015678
v 2.68936 0.334866 0.0125728
v 2.69314 0.339736 4.74101e-18
v 2.68936 0.334866 -0.0125728
v 2.68085 0.323925 -0.015678

vn 0 1 0
vn 0 -1 0
vn 0 0 1
vn 1 0 0
vn 0 0 -1
vn -1 0 0
vn 0.0133083 0.999911 0
vn -0.0133083 -0.999911 0
vn 0.999911 -0.0133083 0
vn -0.999911 0.0133083 0
vn 0.0041354 0.310711 0.950495
vn 0.954547 0.298062 2.23855e-16
vn 0.0041354 0.310711 -0.950495
vn -0.946276 0.323361 -6.71564e-16
vn -0.0189948 0.99982 0
vn 0.0189948 -0.99982 0
vn 0.99982 0.0189948 0
vn -0.99982 -0.0189948 0
vn -0.0098579 0.518885 0.854788
vn 0.844775 0.535121 2.01314e-16
vn -0.0098579 0.518885 -0.854788
vn -0.864491 0.502648 -6.03943e-16
vn 0.000525883 1 0
vn -0.000525883 -1 0
vn 1 -0.000525883 0
vn -1 0.000525883 0
vn 0.000163412 0.310739 0.950495
vn 0.950659 0.310239 2.23855e-16
vn 0.000163412 0.310739 -0.950495
vn -0.950332 0.311239 -6.71564e-16
vn -0.00507075 0.999987 0
vn 0.00507075 -0.999987 0
vn 0.999987 0.00507075 0
vn -0.999987 -0.00507075 0
vn -0.00263161 0.518971 0.854788
vn 0.852145 0.523306 2.01314e-16
vn -0.00263161 0.518971 -0.854788
vn -0.857408 0.514637 -6.03943e-16
vn -0.0120662 0.999927 0
vn 0.0120662 -0.999927 0
vn 0.999927 0.0120662 0
vn -0.999927 -0.0120662 0
vn -0.00374944 0.310716 0.950495
vn 0.946677 0.322185 2.23855e-16
vn -0.00374944 0.310716 -0.950495
vn -0.954176 0.299247 -6.71564e-16
vn -0.000835782 1 0
vn 0.000835782 -1 0
vn 1 0.000835782 0
vn -1 -0.000835782 0
vn -0.000433752 0.518978 0.854788
vn 0.854353 0.519692 2.01314e-16
vn -0.000433752 0.518978 -0.854788
vn -0.855221 0.518264 -6.03943e-16
vn 0.00922077 0.999957 0
vn -0.00922077 -0.999957 0
vn 0.999957 -0.00922077 0
vn -0.999957 0.00922077 0
vn 0.00286525 0.310726 0.950495
vn 0.95332 0.301961 2.23855e-16
vn 0.00286525 0.310726 -0.950495
vn -0.94759 0.31949 -6.71564e-16
vn 0.0141703 0.9999 0
vn -0.0141703 -0.9999 0
vn 0.9999 -0.0141703 0
vn -0.9999 0.0141703 0
vn 0.00735407 0.518926 0.854788
vn 0.862056 0.506813 2.01314e-16
vn 0.00735407 0.518926 -0.854788
vn -0.847348 0.531039 -6.03943e-16
vn 0.0190242 0.999819 0
vn -0.0190242 -0.999819 0
vn 0.999819 -0.0190242 0
vn -0.999819 0.0190242 0
vn 0.00591156 0.310683 0.950495
vn 0.956235 0.2926 2.23855e-16
vn 0.00591156 0.310683 -0.950495
vn -0.944412 0.328765 -6.71564e-16
vn -0.0108199 0.999941 0
vn 0.0108199 -0.999941 0
vn 0.999941 0.0108199 0
vn -0.999941 -0.0108199 0
vn -0.00561527 0.518948 0.854788
vn 0.849122 0.528196 2.01314e-16
vn -0.00561527 0.518948 -0.854788
vn -0.860353 0.509699 -6.03943e-16
vn 0.0026633 0.999996 0
vn -0.0026633 -0.999996 0
vn 0.999996 -0.0026633 0
vn -0.999996 0.0026633 0
vn 0.000827591 0.310738 0.950495
vn 0.95132 0.308206 2.23855e-16
vn 0.000827591 0.310738 -0.950495
vn -0.949664 0.313269 -6.71564e-16
vn 0.0155048 0.99988 0
vn -0.0155048 -0.99988 0
vn 0.99988 -0.0155048 0
vn -0.99988 0.0155048 0
vn 0.00804664 0.518916 0.854788
vn 0.862731 0.505662 2.01314e-16
vn 0.00804664 0.518916 -0.854788
vn -0.846638 0.532169 -6.03943e-16
vn -0.0172401 0.999851 0
vn 0.0172401 -0.999851 0
vn 0.999851 0.0172401 0
vn -0.999851 -0.0172401 0
vn -0.00535718 0.310693 0.950495
vn 0.944997 0.327079 2.23855e-16
vn -0.00535718 0.310693 -0.950495
vn -0.955711 0.294306 -6.71564e-16
vn -3.08591e-17 -0.622412 0.78269
vn 2.82475e-17 0.221923 0.975064
vn -1.3609e-16 0.900488 0.43488
vn -1.3609e-16 0.900488 -0.43488
vn 1.30562e-17 0.221923 -0.975064
vn 5.87752e-17 -0.622412 -0.78269
vn 0.442875 -0.896583 -3.87336e-17
vn 0.276475 -0.559711 0.781207
vn -0.0987414 0.199898 0.974829
vn -0.399171 0.808105 0.433162
vn -0.399171 0.808105 -0.433162
vn -0.0987414 0.199898 -0.974829
vn 0.276475 -0.559711 -0.781207
vn 0.789466 -0.613794 -1.43459e-16
vn 0.496085 -0.385696 0.777907
vn -0.177829 0.138259 0.9743
vn -0.712989 0.554334 0.429372
vn -0.712989 0.554334 -0.429372
vn -0.177829 0.138259 -0.9743
vn 0.496085 -0.385696 -0.777907
vn 0.976125 -0.217208 1.98585e-16
vn 0.616527 -0.13719 0.77529
vn -0.221653 0.0493225 0.973877
vn -0.882937 0.196472 0.426404
vn -0.882937 0.196472 -0.426404
vn -0.221653 0.0493225 -0.973877
vn 0.616527 -0.13719 -0.77529
vn 0.976125 0.217208 2.51675e-17
vn 0.616527 0.13719 0.77529
vn -0.221653 -0.0493225 0.973877
vn -0.882937 -0.196472 0.426404
vn -0.882937 -0.196472 -0.426404
vn -0.221653 -0.0493225 -0.973877
vn 0.616527 0.13719 -0.77529
vn 0.789466 0.613794 -2.16916e-16
vn 0.496085 0.385696 0.777907
vn -0.177829 -0.138259 0.9743
vn -0.712989 -0.554334 0.429372
vn -0.712989 -0.554334 -0.429372
vn -0.177829 -0.138259 -0.9743
vn 0.496085 0.385696 -0.777907
vn 0.442875 0.896583 -7.54873e-18
vn 0.276475 0.559711 0.781207
vn -0.0987414 -0.199898 0.974829
vn -0.399171 -0.808105 0.433162
vn -0.399171 -0.808105 -0.433162
vn -0.0987414 -0.199898 -0.974829
vn 0.276475 0.559711 -0.781207
vn 2.82571e-16 0.622412 0.78269
vn -2.02306e-16 -0.221923 0.975064
vn -5.0316e-16 -0.900488 0.43488
vn -5.0316e-16 -0.900488 -0.43488
vn -8.14547e-17 -0.221923 -0.975064
vn 4.25554e-16 0.622412 -0.78269
vn -0.442875 0.896583 -1.29831e-16
vn -0.276475 0.559711 0.781207
vn 0.0987414 -0.199898 0.974829
vn 0.399171 -0.808105 0.433162
vn 0.399171 -0.808105 -0.433162
vn 0.0987414 -0.199898 -0.974829
vn -0.276475 0.559711 -0.781207
vn -0.789466 0.613794 1.35326e-16
vn -0.496085 0.385696 0.777907
vn 0.177829 -0.138259 0.9743
vn 0.712989 -0.554334 0.429372
vn 0.712989 -0.554334 -0.429372
vn 0.177829 -0.138259 -0.9743
vn -0.496085 0.385696 -0.777907
vn -0.976125 0.217208 3.18802e-16
vn -0.616527 0.13719 0.77529
vn 0.221653 -0.0493225 0.973877
vn 0.882937 -0.196472 0.426404
vn 0.882937 -0.196472 -0.426404
vn 0.221653 -0.0493225 -0.973877
vn -0.616527 0.13719 -0.77529
vn -0.976125 -0.217208 5.17679e-17
vn -0.616527 -0.13719 0.77529
vn 0.221653 0.0493225 0.973877
vn 0.882937 0.196472 0.426404
vn 0.882937 0.196472 -0.426404
vn 0.221653 0.0493225 -0.973877
vn -0.616527 -0.13719 -0.77529
vn -0.789466 -0.613794 -1.1486e-16
vn -0.496085 -0.385696 0.777907
vn 0.177829 0.138259 0.9743
vn 0.712989 0.554334 0.429372
vn 0.712989 0.554334 -0.429372
vn 0.177829 0.138259 -0.9743
vn -0.496085 -0.385696 -0.777907
vn -0.442875 -0.896583 1.02251e-16
vn -0.276475 -0.559711 0.781207
vn 0.0987414 0.199898 0.974829
vn 0.399171 0.808105 0.433162
vn 0.399171 0.808105 -0.433162
vn 0.0987414 0.199898 -0.974829
vn -0.276475 -0.559711 -0.781207

vt 1 0
vt 0 1
vt 1 1
vt 0 0
vt 0.146447 0.853553
vt 0.5 0.5
vt 0.853553 0.853553
vt 0.853553 0.146447
vt 0.146447 0.146447
vt 0.5 1
vt 0.0714286 -0.0714286
vt 0 0.928571
vt 0.0714286 0.0714286
vt 0 0.0714286
vt 0 -0.0714286
vt 1 0.0714286
vt 0.0714286 0.214286
vt 0 0.214286
vt 1 0.214286
vt 0.0714286 0.357143
vt 0 0.357143
vt 1 0.357143
vt 0.0714286 0.5
vt 0 0.5
vt 1 0.5
vt 0.0714286 0.642857
vt 0 0.642857
vt 1 0.642857
vt 0.0714286 0.785714
vt 0 0.785714
vt 1 0.785714
vt 0.0714286 0.928571
vt 1 0.928571
vt 0.142857 -0.0714286
vt 0.142857 0.0714286
vt 0.142857 0.214286
vt 0.142857 0.357143
vt 0.142857 0.5
vt 0.142857 0.642857
vt 0.142857 0.785714
vt 0.142857 0.928571
vt 0.214286 -0.0714286
vt 0.214286 0.0714286
vt 0.214286 0.214286
vt 0.214286 0.357143
vt 0.214286 0.5
vt 0.214286 0.642857
vt 0.214286 0.785714
vt 0.214286 0.928571
vt 0.285714 -0.0714286
vt 0.285714 0.0714286
vt 0.285714 0.214286
vt 0.285714 0.357143
vt 0.285714 0.5
vt 0.285714 0.642857
vt 0.285714 0.785714
vt 0.285714 0.928571
vt 0.357143 -0.0714286
vt 0.357143 0.0714286
vt 0.357143 0.214286
vt 0.357143 0.357143
vt 0.357143 0.5
vt 0.357143 0.642857
vt 0.357143 0.785714
vt 0.357143 0.928571
vt 0.428571 -0.0714286
vt 0.428571 0.0714286
vt 0.428571 0.214286
vt 0.428571 0.357143
vt 0.428571 0.5
vt 0.428571 0.642857
vt 0.428571 0.785714
vt 0.428571 0.928571
vt 0.5 -0.0714286
vt 0.5 0.0714286
vt 0.5 0.214286
vt 0.5 0.357143
vt 0.5 0.642857
vt 0.5 0.785714
vt 0.5 0.928571
vt 0.571429 -0.0714286
vt 0.571429 0.0714286
vt 0.571429 0.214286
vt 0.571429 0.357143
vt 0.571429 0.5
vt 0.571429 0.642857
vt 0.571429 0.785714
vt 0.571429 0.928571
vt 0.642857 -0.0714286
vt 0.642857 0.0714286
vt 0.642857 0.214286
vt 0.642857 0.357143
vt 0.642857 0.5
vt 0.642857 0.642857
vt 0.642857 0.785714
vt 0.642857 0.928571
vt 0.714286 -0.0714286
vt 0.714286 0.0714286
vt 0.714286 0.214286
vt 0.714286 0.357143
vt 0.714286 0.5
vt 0.714286 0.642857
vt 0.714286 0.785714
vt 0.714286 0.928571
vt 0.785714 -0.0714286
vt 0.785714 0.0714286
vt 0.785714 0.214286
vt 0.785714 0.357143
vt 0.785714 0.5
vt 0.785714 0.642857
vt 0.785714 0.785714
vt 0.785714 0.928571
vt 0.857143 -0.0714286
vt 0.857143 0.0714286
vt 0.857143 0.214286
vt 0.857143 0.357143
vt 0.857143 0.5
vt 0.857143 0.642857
vt 0.857143 0.785714
vt 0.857143 0.928571
vt 0.928571 -0.0714286
vt 0.928571 0.0714286
vt 0.928571 0.214286
vt 0.928571 0.357143
vt 0.928571 0.5
vt 0.928571 0.642857
vt 0.928571 0.785714
vt 0.928571 0.928571
vt 1 -0.0714286

usemtl Material_0
f 8/2/1 5/4/1 6/1/1
f 8/2/1 6/1/1 7/3/1
f 1/2/2 4/4/2 3/1/2
f 1/2/2 3/1/2 2/3/2
f 5/2/3 1/4/3 2/1/3
f 5/2/3 2/1/3 6/3/3
f 6/2/4 2/4/4 3/1/4
f 6/2/4 3/1/4 7/3/4
f 7/2/5 3/4/5 4/1/5
f 7/2/5 4/1/5 8/3/5
f 8/2/6 4/4/6 1/1/6
f 8/2/6 1/1/6 5/3/6
f 24/2/7 21/4/7 22/1/7
f 24/2/7 22/1/7 23/3/7
f 17/2/8 20/4/8 19/1/8
f 17/2/8 19/1/8 18/3/8
f 21/2/3 17/4/3 18/1/3
f 21/2/3 18/1/3 22/3/3
f 22/2/9 18/4/9 19/1/9
f 22/2/9 19/1/9 23/3/9
f 23/2/5 19/4/5 20/1/5
f 23/2/5 20/1/5 24/3/5
f 24/2/10 20/4/10 17/1/10
f 24/2/10 17/1/10 21/3/10
f 26/7/8 25/5/8 30/6/8
f 27/8/8 26/7/8 30/6/8
f 28/9/8 27/8/8 30/6/8
f 25/5/8 28/9/8 30/6/8
f 25/4/11 26/1/11 29/10/11
f 26/4/12 27/1/12 29/10/12
f 27/4/13 28/1/13 29/10/13
f 28/4/14 25/1/14 29/10/14
f 38/2/15 35/4/15 36/1/15
f 38/2/15 36/1/15 37/3/15
f 31/2/16 34/4/16 33/1/16
f 31/2/16 33/1/16 32/3/16
f 35/2/3 31/4/3 32/1/3
f 35/2/3 32/1/3 36/3/3
f 36/2/17 32/4/17 33/1/17
f 36/2/17 33/1/17 37/3/17
f 37/2/5 33/4/5 34/1/5
f 37/2/5 34/1/5 38/3/5
f 38/2/18 34/4/18 31/1/18
f 38/2/18 31/1/18 35/3/18
f 40/7/16 39/5/16 44/6/16
f 41/8/16 40/7/16 44/6/16
f 42/9/16 41/8/16 44/6/16
f 39/5/16 42/9/16 44/6/16
f 39/4/19 40/1/19 43/10/19
f 40/4/20 41/1/20 43/10/20
f 41/4/21 42/1/21 43/10/21
f 42/4/22 39/1/22 43/10/22
f 52/2/23 49/4/23 50/1/23
f 52/2/23 50/1/23 51/3/23
f 45/2/24 48/4/24 47/1/24
f 45/2/24 47/1/24 46/3/24
f 49/2/3 45/4/3 46/1/3
f 49/2/3 46/1/3 50/3/3
f 50/2/25 46/4/25 47/1/25
f 50/2/25 47/1/25 51/3/25
f 51/2/5 47/4/5 48/1/5
f 51/2/5 48/1/5 52/3/5
f 52/2/26 48/4/26 45/1/26
f 52/2/26 45/1/26 49/3/26
f 54/7/24 53/5/24 58/6/24
f 55/8/24 54/7/24 58/6/24
f 56/9/24 55/8/24 58/6/24
f 53/5/24 56/9/24 58/6/24
f 53/4/27 54/1/27 57/10/27
f 54/4/28 55/1/28 57/10/28
f 55/4/29 56/1/29 57/10/29
f 56/4/30 53/1/30 57/10/30
f 66/2/31 63/4/31 64/1/31
f 66/2/31 64/1/31 65/3/31
f 59/2/32 62/4/32 61/1/32
f 59/2/32 61/1/32 60/3/32
f 63/2/3 59/4/3 60/1/3
f 63/2/3 60/1/3 64/3/3
f 64/2/33 60/4/33 61/1/33
f 64/2/33 61/1/33 65/3/33
f 65/2/5 61/4/5 62/1/5
f 65/2/5 62/1/5 66/3/5
f 66/2/34 62/4/34 59/1/34
f 66/2/34 59/1/34 63/3/34
f 68/7/32 67/5/32 72/6/32
f 69/8/32 68/7/32 72/6/32
f 70/9/32 69/8/32 72/6/32
f 67/5/32 70/9/32 72/6/32
f 67/4/35 68/1/35 71/10/35
f 68/4/36 69/1/36 71/10/36
f 69/4/37 70/1/37 71/10/37
f 70/4/38 67/1/38 71/10/38
f 80/2/39 77/4/39 78/1/39
f 80/2/39 78/1/39 79/3/39
f 73/2/40 76/4/40 75/1/40
f 73/2/40 75/1/40 74/3/40
f 77/2/3 73/4/3 74/1/3
f 77/2/3 74/1/3 78/3/3
f 78/2/41 74/4/41 75/1/41
f 78/2/41 75/1/41 79/3/41
f 79/2/5 75/4/5 76/1/5
f 79/2/5 76/1/5 80/3/5
f 80/2/42 76/4/42 73/1/42
f 80/2/42 73/1/42 77/3/42
f 82/7/40 81/5/40 86/6/40
f 83/8/40 82/7/40 86/6/40
f 84/9/40 83/8/40 86/6/40
f 81/5/40 84/9/40 86/6/40
f 81/4/43 82/1/43 85/10/43
f 82/4/44 83/1/44 85/10/44
f 83/4/45 84/1/45 85/10/45
f 84/4/46 81/1/46 85/10/46
f 94/2/47 91/4/47 92/1/47
f 94/2/47 92/1/47 93/3/47
f 87/2/48 90/4/48 89/1/48
f 87/2/48 89/1/48 88/3/48
f 91/2/3 87/4/3 88/1/3
f 91/2/3 88/1/3 92/3/3
f 92/2/49 88/4/49 89/1/49
f 92/2/49 89/1/49 93/3/49
f 93/2/5 89/4/5 90/1/5
f 93/2/5 90/1/5 94/3/5
f 94/2/50 90/4/50 87/1/50
f 94/2/50 87/1/50 91/3/50
f 110/7/56 109/5/56 114/6/56
f 111/8/56 110/7/56 114/6/56
f 112/9/56 111/8/56 114/6/56
f 109/5/56 112/9/56 114/6/56
f 109/4/59 110/1/59 113/10/59
f 110/4/60 111/1/60 113/10/60
f 111/4/61 112/1/61 113/10/61
f 112/4/62 109/1/62 113/10/62
f 122/2/63 119/4/63 120/1/63
f 122/2/63 120/1/63 121/3/63
f 115/2/64 118/4/64 117/1/64
f 115/2/64 117/1/64 116/3/64
f 119/2/3 115/4/3 116/1/3
f 119/2/3 116/1/3 120/3/3
f 120/2/65 116/4/65 117/1/65
f 120/2/65 117/1/65 121/3/65
f 121/2/5 117/4/5 118/1/5
f 121/2/5 118/1/5 122/3/5
f 122/2/66 118/4/66 115/1/66
f 122/2/66 115/1/66 119/3/66
f 136/2/71 133/4/71 134/1/71
f 136/2/71 134/1/71 135/3/71
f 129/2/72 132/4/72 131/1/72
f 129/2/72 131/1/72 130/3/72
f 133/2/3 129/4/3 130/1/3
f 133/2/3 130/1/3 134/3/3
f 134/2/73 130/4/73 131/1/73
f 134/2/73 131/1/73 135/3/73
f 135/2/5 131/4/5 132/1/5
f 135/2/5 132/1/5 136/3/5
f 136/2/74 132/4/74 129/1/74
f 136/2/74 129/1/74 133/3/74
f 138/7/72 137/5/72 142/6/72
f 139/8/72 138/7/72 142/6/72
f 140/9/72 139/8/72 142/6/72
f 137/5/72 140/9/72 142/6/72
f 137/4/75 138/1/75 141/10/75
f 138/4/76 139/1/76 141/10/76
f 139/4/77 140/1/77 141/10/77
f 140/4/78 137/1/78 141/10/78
f 150/2/79 147/4/79 148/1/79
f 150/2/79 148/1/79 149/3/79
f 143/2/80 146/4/80 145/1/80
f 143/2/80 145/1/80 144/3/80
f 147/2/3 143/4/3 144/1/3
f 147/2/3 144/1/3 148/3/3
f 148/2/81 144/4/81 145/1/81
f 148/2/81 145/1/81 149/3/81
f 149/2/5 145/4/5 146/1/5
f 149/2/5 146/1/5 150/3/5
f 150/2/82 146/4/82 143/1/82
f 150/2/82 143/1/82 147/3/82
f 164/2/87 161/4/87 162/1/87
f 164/2/87 162/1/87 163/3/87
f 157/2/88 160/4/88 159/1/88
f 157/2/88 159/1/88 158/3/88
f 161/2/3 157/4/3 158/1/3
f 161/2/3 158/1/3 162/3/3
f 162/2/89 158/4/89 159/1/89
f 162/2/89 159/1/89 163/3/89
f 163/2/5 159/4/5 160/1/5
f 163/2/5 160/1/5 164/3/5
f 164/2/90 160/4/90 157/1/90
f 164/2/90 157/1/90 161/3/90
f 166/7/88 165/5/88 170/6/88
f 167/8/88 166/7/88 170/6/88
f 168/9/88 167/8/88 170/6/88
f 165/5/88 168/9/88 170/6/88
f 165/4/91 166/1/91 169/10/91
f 166/4/92 167/1/92 169/10/92
f 167/4/93 168/1/93 169/10/93
f 168/4/94 165/1/94 169/10/94
f 178/2/95 175/4/95 176/1/95
f 178/2/95 176/1/95 177/3/95
f 171/2/96 174/4/96 173/1/96
f 171/2/96 173/1/96 172/3/96
f 175/2/3 171/4/3 172/1/3
f 175/2/3 172/1/3 176/3/3
f 176/2/97 172/4/97 173/1/97
f 176/2/97 173/1/97 177/3/97
f 177/2/5 173/4/5 174/1/5
f 177/2/5 174/1/5 178/3/5
f 178/2/98 174/4/98 171/1/98
f 178/2/98 171/1/98 175/3/98
f 192/2/103 189/4/103 190/1/103
f 192/2/103 190/1/103 191/3/103
f 185/2/104 188/4/104 187/1/104
f 185/2/104 187/1/104 186/3/104
f 189/2/3 185/4/3 186/1/3
f 189/2/3 186/1/3 190/3/3
f 190/2/105 186/4/105 187/1/105
f 190/2/105 187/1/105 191/3/105
f 191/2/5 187/4/5 188/1/5
f 191/2/5 188/1/5 192/3/5
f 192/2/106 188/4/106 185/1/106
f 192/2/106 185/1/106 189/3/106
f 200/14/2 199/15/2 206/11/2
f 200/14/2 206/11/2 207/13/2
f 201/18/111 200/14/111 207/13/111
f 201/18/111 207/13/111 208/17/111
f 202/21/112 201/18/112 208/17/112
f 202/21/112 208/17/112 209/20/112
f 203/24/113 202/21/113 209/20/113
f 203/24/113 209/20/113 210/23/113
f 211/26/114 204/27/114 203/24/114
f 211/26/114 203/24/114 210/23/114
f 212/29/115 205/30/115 204/27/115
f 212/29/115 204/27/115 211/26/115
f 206/32/116 199/12/116 205/30/116
f 206/32/116 205/30/116 212/29/116
f 207/13/117 206/11/117 213/34/117
f 207/13/117 213/34/117 214/35/117
f 207/13/118 214/35/118 215/36/118
f 208/17/118 207/13/118 215/36/118
f 208/17/119 215/36/119 216/37/119
f 209/20/119 208/17/119 216/37/119
f 209/20/120 216/37/120 217/38/120
f 210/23/120 209/20/120 217/38/120
f 217/38/121 218/39/121 211/26/121
f 211/26/121 210/23/121 217/38/121
f 218/39/122 219/40/122 212/29/122
f 212/29/122 211/26/122 218/39/122
f 219/40/123 213/41/123 206/32/123
f 206/32/123 212/29/123 219/40/123
f 214/35/124 213/34/124 220/42/124
f 214/35/124 220/42/124 221/43/124
f 214/35/125 221/43/125 222/44/125
f 215/36/125 214/35/125 222/44/125
f 215/36/126 222/44/126 223/45/126
f 216/37/126 215/36/126 223/45/126
f 217/38/127 216/37/127 223/45/127
f 217/38/127 223/45/127 224/46/127
f 225/47/128 218/39/128 217/38/128
f 225/47/128 217/38/128 224/46/128
f 225/47/129 226/48/129 219/40/129
f 219/40/129 218/39/129 225/47/129
f 226/48/130 220/49/130 213/41/130
f 213/41/130 219/40/130 226/48/130
f 221/43/131 220/42/131 227/50/131
f 221/43/131 227/50/131 228/51/131
f 222/44/132 221/43/132 228/51/132
f 222/44/132 228/51/132 229/52/132
f 223/45/133 222/44/133 229/52/133
f 223/45/133 229/52/133 230/53/133
f 224/46/134 223/45/134 230/53/134
f 224/46/134 230/53/134 231/54/134
f 232/55/135 225/47/135 224/46/135
f 232/55/135 224/46/135 231/54/135
f 233/56/136 226/48/136 225/47/136
f 233/56/136 225/47/136 232/55/136
f 227/57/137 220/49/137 226/48/137
f 227/57/137 226/48/137 233/56/137
f 228/51/138 227/50/138 234/58/138
f 228/51/138 234/58/138 235/59/138
f 229/52/139 228/51/139 235/59/139
f 229/52/139 235/59/139 236/60/139
f 229/52/140 236/60/140 237/61/140
f 230/53/140 229/52/140 237/61/140
f 230/53/141 237/61/141 238/62/141
f 231/54/141 230/53/141 238/62/141
f 238/62/142 239/63/142 232/55/142
f 232/55/142 231/54/142 238/62/142
f 239/63/143 240/64/143 233/56/143
f 233/56/143 232/55/143 239/63/143
f 234/65/144 227/57/144 233/56/144
f 234/65/144 233/56/144 240/64/144
f 235/59/145 234/58/145 241/66/145
f 235/59/145 241/66/145 242/67/145
f 236/60/146 235/59/146 242/67/146
f 236/60/146 242/67/146 243/68/146
f 237/61/147 236/60/147 243/68/147
f 237/61/147 243/68/147 244/69/147
f 237/61/148 244/69/148 245/70/148
f 238/62/148 237/61/148 245/70/148
f 245/70/149 246/71/149 239/63/149
f 239/63/149 238/62/149 245/70/149
f 247/72/150 240/64/150 239/63/150
f 247/72/150 239/63/150 246/71/150
f 241/73/151 234/65/151 240/64/151
f 241/73/151 240/64/151 247/72/151
f 242/67/152 241/66/152 248/74/152
f 242/67/152 248/74/152 249/75/152
f 242/67/153 249/75/153 250/76/153
f 243/68/153 242/67/153 250/76/153
f 244/69/154 243/68/154 250/76/154
f 244/69/154 250/76/154 251/77/154
f 244/69/155 251/77/155 252/6/155
f 245/70/155 244/69/155 252/6/155
f 252/6/156 253/78/156 246/71/156
f 246/71/156 245/70/156 252/6/156
f 254/79/157 247/72/157 246/71/157
f 254/79/157 246/71/157 253/78/157
f 254/79/158 248/80/158 241/73/158
f 241/73/158 247/72/158 254/79/158
f 249/75/1 248/74/1 255/81/1
f 249/75/1 255/81/1 256/82/1
f 249/75/159 256/82/159 257/83/159
f 250/76/159 249/75/159 257/83/159
f 250/76/160 257/83/160 258/84/160
f 251/77/160 250/76/160 258/84/160
f 251/77/161 258/84/161 259/85/161
f 252/6/161 251/77/161 259/85/161
f 259/85/162 260/86/162 253/78/162
f 253/78/162 252/6/162 259/85/162
f 260/86/163 261/87/163 254/79/163
f 254/79/163 253/78/163 260/86/163
f 261/87/164 255/88/164 248/80/164
f 248/80/164 254/79/164 261/87/164
f 256/82/165 255/81/165 262/89/165
f 256/82/165 262/89/165 263/90/165
f 257/83/166 256/82/166 263/90/166
f 257/83/166 263/90/166 264/91/166
f 258/84/167 257/83/167 264/91/167
f 258/84/167 264/91/167 265/92/167
f 258/84/168 265/92/168 266/93/168
f 259/85/168 258/84/168 266/93/168
f 266/93/169 267/94/169 260/86/169
f 260/86/169 259/85/169 266/93/169
f 268/95/170 261/87/170 260/86/170
f 268/95/170 260/86/170 267/94/170
f 262/96/171 255/88/171 261/87/171
f 262/96/171 261/87/171 268/95/171
f 263/90/172 262/89/172 269/97/172
f 263/90/172 269/97/172 270/98/172
f 264/91/173 263/90/173 270/98/173
f 264/91/173 270/98/173 271/99/173
f 265/92/174 264/91/174 271/99/174
f 265/92/174 271/99/174 272/100/174
f 265/92/175 272/100/175 273/101/175
f 266/93/175 265/92/175 273/101/175
f 273/101/176 274/102/176 267/94/176
f 267/94/176 266/93/176 273/101/176
f 275/103/177 268/95/177 267/94/177
f 275/103/177 267/94/177 274/102/177
f 269/104/178 262/96/178 268/95/178
f 269/104/178 268/95/178 275/103/178
f 270/98/179 269/97/179 276/105/179
f 270/98/179 276/105/179 277/106/179
f 270/98/180 277/106/180 278/107/180
f 271/99/180 270/98/180 278/107/180
f 271/99/181 278/107/181 279/108/181
f 272/100/181 271/99/181 279/108/181
f 272/100/182 279/108/182 280/109/182
f 273/101/182 272/100/182 280/109/182
f 280/109/183 281/110/183 274/102/183
f 274/102/183 273/101/183 280/109/183
f 281/110/184 282/111/184 275/103/184
f 275/103/184 274/102/184 281/110/184
f 282/111/185 276/112/185 269/104/185
f 269/104/185 275/103/185 282/111/185
f 277/106/186 276/105/186 283/113/186
f 277/106/186 283/113/186 284/114/186
f 278/107/187 277/106/187 284/114/187
f 278/107/187 284/114/187 285/115/187
f 279/108/188 278/107/188 285/115/188
f 279/108/188 285/115/188 286/116/188
f 280/109/189 279/108/189 286/116/189
f 280/109/189 286/116/189 287/117/189
f 287/117/190 288/118/190 281/110/190
f 281/110/190 280/109/190 287/117/190
f 289/119/191 282/111/191 281/110/191
f 289/119/191 281/110/191 288/118/191
f 283/120/192 276/112/192 282/111/192
f 283/120/192 282/111/192 289/119/192
f 284/114/193 283/113/193 290/121/193
f 284/114/193 290/121/193 291/122/193
f 285/115/194 284/114/194 291/122/194
f 285/115/194 291/122/194 292/123/194
f 286/116/195 285/115/195 292/123/195
f 286/116/195 292/123/195 293/124/195
f 286/116/196 293/124/196 294/125/196
f 287/117/196 286/116/196 294/125/196
f 294/125/197 295/126/197 288/118/197
f 288/118/197 287/117/197 294/125/197
f 295/126/198 296/127/198 289/119/198
f 289/119/198 288/118/198 295/126/198
f 290/128/199 283/120/199 289/119/199
f 290/128/199 289/119/199 296/127/199
f 291/122/200 290/121/200 199/129/200
f 291/122/200 199/129/200 200/16/200
f 292/123/201 291/122/201 200/16/201
f 292/123/201 200/16/201 201/19/201
f 292/123/202 201/19/202 202/22/202
f 293/124/202 292/123/202 202/22/202
f 293/124/203 202/22/203 203/25/203
f 294/125/203 293/124/203 203/25/203
f 203/25/204 204/28/204 295/126/204
f 295/126/204 294/125/204 203/25/204
f 204/28/205 205/31/205 296/127/205
f 296/127/205 295/126/205 204/28/205
f 199/33/206 290/128/206 296/127/206
f 199/33/206 296/127/206 205/31/206
f 396/14/2 395/15/2 402/11/2
f 396/14/2 402/11/2 403/13/2
f 397/18/111 396/14/111 403/13/111
f 397/18/111 403/13/111 404/17/111
f 398/21/112 397/18/112 404/17/112
f 398/21/112 404/17/112 405/20/112
f 399/24/113 398/21/113 405/20/113
f 399/24/113 405/20/113 406/23/113
f 407/26/114 400/27/114 399/24/114
f 407/26/114 399/24/114 406/23/114
f 408/29/115 401/30/115 400/27/115
f 408/29/115 400/27/115 407/26/115
f 402/32/116 395/12/116 401/30/116
f 402/32/116 401/30/116 408/29/116
f 403/13/117 402/11/117 409/34/117
f 403/13/117 409/34/117 410/35/117
f 403/13/118 410/35/118 411/36/118
f 404/17/118 403/13/118 411/36/118
f 404/17/119 411/36/119 412/37/119
f 405/20/119 404/17/119 412/37/119
f 405/20/120 412/37/120 413/38/120
f 406/23/120 405/20/120 413/38/120
f 413/38/121 414/39/121 407/26/121
f 407/26/121 406/23/121 413/38/121
f 414/39/122 415/40/122 408/29/122
f 408/29/122 407/26/122 414/39/122
f 415/40/123 409/41/123 402/32/123
f 402/32/123 408/29/123 415/40/123
f 410/35/124 409/34/124 416/42/124
f 410/35/124 416/42/124 417/43/124
f 410/35/125 417/43/125 418/44/125
f 411/36/125 410/35/125 418/44/125
f 411/36/126 418/44/126 419/45/126
f 412/37/126 411/36/126 419/45/126
f 413/38/127 412/37/127 419/45/127
f 413/38/127 419/45/127 420/46/127
f 421/47/128 414/39/128 413/38/128
f 421/47/128 413/38/128 420/46/128
f 421/47/129 422/48/129 415/40/129
f 415/40/129 414/39/129 421/47/129
f 422/48/130 416/49/130 409/41/130
f 409/41/130 415/40/130 422/48/130
f 417/43/131 416/42/131 423/50/131
f 417/43/131 423/50/131 424/51/131
f 418/44/132 417/43/132 424/51/132
f 418/44/132 424/51/132 425/52/132
f 419/45/133 418/44/133 425/52/133
f 419/45/133 425/52/133 426/53/133
f 420/46/134 419/45/134 426/53/134
f 420/46/134 426/53/134 427/54/134
f 428/55/135 421/47/135 420/46/135
f 428/55/135 420/46/135 427/54/135
f 429/56/136 422/48/136 421/47/136
f 429/56/136 421/47/136 428/55/136
f 423/57/137 416/49/137 422/48/137
f 423/57/137 422/48/137 429/56/137
f 424/51/138 423/50/138 430/58/138
f 424/51/138 430/58/138 431/59/138
f 425/52/139 424/51/139 431/59/139
f 425/52/139 431/59/139 432/60/139
f 425/52/140 432/60/140 433/61/140
f 426/53/140 425/52/140 433/61/140
f 426/53/141 433/61/141 434/62/141
f 427/54/141 426/53/141 434/62/141
f 434/62/142 435/63/142 428/55/142
f 428/55/142 427/54/142 434/62/142
f 435/63/143 436/64/143 429/56/143
f 429/56/143 428/55/143 435/63/143
f 430/65/144 423/57/144 429/56/144
f 430/65/144 429/56/144 436/64/144
f 431/59/145 430/58/145 437/66/145
f 431/59/145 437/66/145 438/67/145
f 432/60/146 431/59/146 438/67/146
f 432/60/146 438/67/146 439/68/146
f 433/61/147 432/60/147 439/68/147
f 433/61/147 439/68/147 440/69/147
f 433/61/148 440/69/148 441/70/148
f 434/62/148 433/61/148 441/70/148
f 441/70/149 442/71/149 435/63/149
f 435/63/149 434/62/149 441/70/149
f 443/72/150 436/64/150 435/63/150
f 443/72/150 435/63/150 442/71/150
f 437/73/151 430/65/151 436/64/151
f 437/73/151 436/64/151 443/72/151
f 438/67/152 437/66/152 444/74/152
f 438/67/152 444/74/152 445/75/152
f 438/67/153 445/75/153 446/76/153
f 439/68/153 438/67/153 446/76/153
f 440/69/154 439/68/154 446/76/154
f 440/69/154 446/76/154 447/77/154
f 440/69/155 447/77/155 448/6/155
f 441/70/155 440/69/155 448/6/155
f 448/6/156 449/78/156 442/71/156
f 442/71/156 441/70/156 448/6/156
f 450/79/157 443/72/157 442/71/157
f 450/79/157 442/71/157 449/78/157
f 450/79/158 444/80/158 437/73/158
f 437/73/158 443/72/158 450/79/158
f 445/75/1 444/74/1 451/81/1
f 445/75/1 451/81/1 452/82/1
f 445/75/159 452/82/159 453/83/159
f 446/76/159 445/75/159 453/83/159
f 446/76/160 453/83/160 454/84/160
f 447/77/160 446/76/160 454/84/160
f 447/77/161 454/84/161 455/85/161
f 448/6/161 447/77/161 455/85/161
f 455/85/162 456/86/162 449/78/162
f 449/78/162 448/6/162 455/85/162
f 456/86/163 457/87/163 450/79/163
f 450/79/163 449/78/163 456/86/163
f 457/87/164 451/88/164 444/80/164
f 444/80/164 450/79/164 457/87/164
f 452/82/165 451/81/165 458/89/165
f 452/82/165 458/89/165 459/90/165
f 453/83/166 452/82/166 459/90/166
f 453/83/166 459/90/166 460/91/166
f 454/84/167 453/83/167 460/91/167
f 454/84/167 460/91/167 461/92/167
f 454/84/168 461/92/168 462/93/168
f 455/85/168 454/84/168 462/93/168
f 462/93/169 463/94/169 456/86/169
f 456/86/169 455/85/169 462/93/169
f 464/95/170 457/87/170 456/86/170
f 464/95/170 456/86/170 463/94/170
f 458/96/171 451/88/171 457/87/171
f 458/96/171 457/87/171 464/95/171
f 459/90/172 458/89/172 465/97/172
f 459/90/172 465/97/172 466/98/172
f 460/91/173 459/90/173 466/98/173
f 460/91/173 466/98/173 467/99/173
f 461/92/174 460/91/174 467/99/174
f 461/92/174 467/99/174 468/100/174
f 461/92/175 468/100/175 469/101/175
f 462/93/175 461/92/175 469/101/175
f 469/101/176 470/102/176 463/94/176
f 463/94/176 462/93/176 469/101/176
f 471/103/177 464/95/177 463/94/177
f 471/103/177 463/94/177 470/102/177
f 465/104/178 458/96/178 464/95/178
f 465/104/178 464/95/178 471/103/178
f 466/98/179 465/97/179 472/105/179
f 466/98/179 472/105/179 473/106/179
f 466/98/180 473/106/180 474/107/180
f 467/99/180 466/98/180 474/107/180
f 467/99/181 474/107/181 475/108/181
f 468/100/181 467/99/181 475/108/181
f 468/100/182 475/108/182 476/109/182
f 469/101/182 468/100/182 476/109/182
f 476/109/183 477/110/183 470/102/183
f 470/102/183 469/101/183 476/109/183
f 477/110/184 478/111/184 471/103/184
f 471/103/184 470/102/184 477/110/184
f 478/111/185 472/112/185 465/104/185
f 465/104/185 471/103/185 478/111/185
f 473/106/186 472/105/186 479/113/186
f 473/106/186 479/113/186 480/114/186
f 474/107/187 473/106/187 480/114/187
f 474/107/187 480/114/187 481/115/187
f 475/108/188 474/107/188 481/115/188
f 475/108/188 481/115/188 482/116/188
f 476/109/189 475/108/189 482/116/189
f 476/109/189 482/116/189 483/117/189
f 483/117/190 484/118/190 477/110/190
f 477/110/190 476/109/190 483/117/190
f 485/119/191 478/111/191 477/110/191
f 485/119/191 477/110/191 484/118/191
f 479/120/192 472/112/192 478/111/192
f 479/120/192 478/111/192 485/119/192
f 480/114/193 479/113/193 486/121/193
f 480/114/193 486/121/193 487/122/193
f 481/115/194 480/114/194 487/122/194
f 481/115/194 487/122/194 488/123/194
f 482/116/195 481/115/195 488/123/195
f 482/116/195 488/123/195 489/124/195
f 482/116/196 489/124/196 490/125/196
f 483/117/196 482/116/196 490/125/196
f 490/125/197 491/126/197 484/118/197
f 484/118/197 483/117/197 490/125/197
f 491/126/198 492/127/198 485/119/198
f 485/119/198 484/118/198 491/126/198
f 486/128/199 479/120/199 485/119/199
f 486/128/199 485/119/199 492/127/199
f 487/122/200 486/121/200 395/129/200
f 487/122/200 395/129/200 396/16/200
f 488/123/201 487/122/201 396/16/201
f 488/123/201 396/16/201 397/19/201
f 488/123/202 397/19/202 398/22/202
f 489/124/202 488/123/202 398/22/202
f 489/124/203 398/22/203 399/25/203
f 490/125/203 489/124/203 399/25/203
f 399/25/204 400/28/204 491/126/204
f 491/126/204 490/125/204 399/25/204
f 400/28/205 401/31/205 492/127/205
f 492/127/205 491/126/205 400/28/205
f 395/33/206 486/128/206 492/127/206
f 395/33/206 492/127/206 401/31/206
f 494/14/2 493/15/2 500/11/2
f 494/14/2 500/11/2 501/13/2
f 495/18/111 494/14/111 501/13/111
f 495/18/111 501/13/111 502/17/111
f 496/21/112 495/18/112 502/17/112
f 496/21/112 502/17/112 503/20/112
f 497/24/113 496/21/113 503/20/113
f 497/24/113 503/20/113 504/23/113
f 505/26/114 498/27/114 497/24/114
f 505/26/114 497/24/114 504/23/114
f 506/29/115 499/30/115 498/27/115
f 506/29/115 498/27/115 505/26/115
f 500/32/116 493/12/116 499/30/116
f 500/32/116 499/30/116 506/29/116
f 501/13/117 500/11/117 507/34/117
f 501/13/117 507/34/117 508/35/117
f 501/13/118 508/35/118 509/36/118
f 502/17/118 501/13/118 509/36/118
f 502/17/119 509/36/119 510/37/119
f 503/20/119 502/17/119 510/37/119
f 503/20/120 510/37/120 511/38/120
f 504/23/120 503/20/120 511/38/120
f 511/38/121 512/39/121 505/26/121
f 505/26/121 504/23/121 511/38/121
f 512/39/122 513/40/122 506/29/122
f 506/29/122 505/26/122 512/39/122
f 513/40/123 507/41/123 500/32/123
f 500/32/123 506/29/123 513/40/123
f 508/35/124 507/34/124 514/42/124
f 508/35/124 514/42/124 515/43/124
f 508/35/125 515/43/125 516/44/125
f 509/36/125 508/35/125 516/44/125
f 509/36/126 516/44/126 517/45/126
f 510/37/126 509/36/126 517/45/126
f 511/38/127 510/37/127 517/45/127
f 511/38/127 517/45/127 518/46/127
f 519/47/128 512/39/128 511/38/128
f 519/47/128 511/38/128 518/46/128
f 519/47/129 520/48/129 513/40/129
f 513/40/129 512/39/129 519/47/129
f 520/48/130 514/49/130 507/41/130
f 507/41/130 513/40/130 520/48/130
f 515/43/131 514/42/131 521/50/131
f 515/43/131 521/50/131 522/51/131
f 516/44/132 515/43/132 522/51/132
f 516/44/132 522/51/132 523/52/132
f 517/45/133 516/44/133 523/52/133
f 517/45/133 523/52/133 524/53/133
f 518/46/134 517/45/134 524/53/134
f 518/46/134 524/53/134 525/54/134
f 526/55/135 519/47/135 518/46/135
f 526/55/135 518/46/135 525/54/135
f 527/56/136 520/48/136 519/47/136
f 527/56/136 519/47/136 526/55/136
f 521/57/137 514/49/137 520/48/137
f 521/57/137 520/48/137 527/56/137
f 522/51/138 521/50/138 528/58/138
f 522/51/138 528/58/138 529/59/138
f 523/52/139 522/51/139 529/59/139
f 523/52/139 529/59/139 530/60/139
f 523/52/140 530/60/140 531/61/140
f 524/53/140 523/52/140 531/61/140
f 524/53/141 531/61/141 532/62/141
f 525/54/141 524/53/141 532/62/141
f 532/62/142 533/63/142 526/55/142
f 526/55/142 525/54/142 532/62/142
f 533/63/143 534/64/143 527/56/143
f 527/56/143 526/55/143 533/63/143
f 528/65/144 521/57/144 527/56/144
f 528/65/144 527/56/144 534/64/144
f 529/59/145 528/58/145 535/66/145
f 529/59/145 535/66/145 536/67/145
f 530/60/146 529/59/146 536/67/146
f 530/60/146 536/67/146 537/68/146
f 531/61/147 530/60/147 537/68/147
f 531/61/147 537/68/147 538/69/147
f 531/61/148 538/69/148 539/70/148
f 532/62/148 531/61/148 539/70/148
f 539/70/149 540/71/149 533/63/149
f 533/63/149 532/62/149 539/70/149
f 541/72/150 534/64/150 533/63/150
f 541/72/150 533/63/150 540/71/150
f 535/73/151 528/65/151 534/64/151
f 535/73/151 534/64/151 541/72/151
f 536/67/152 535/66/152 542/74/152
f 536/67/152 542/74/152 543/75/152
f 536/67/153 543/75/153 544/76/153
f 537/68/153 536/67/153 544/76/153
f 538/69/154 537/68/154 544/76/154
f 538/69/154 544/76/154 545/77/154
f 538/69/155 545/77/155 546/6/155
f 539/70/155 538/69/155 546/6/155
f 546/6/156 547/78/156 540/71/156
f 540/71/156 539/70/156 546/6/156
f 548/79/157 541/72/157 540/71/157
f 548/79/157 540/71/157 547/78/157
f 548/79/158 542/80/158 535/73/158
f 535/73/158 541/72/158 548/79/158
f 543/75/1 542/74/1 549/81/1
f 543/75/1 549/81/1 550/82/1
f 543/75/159 550/82/159 551/83/159
f 544/76/159 543/75/159 551/83/159
f 544/76/160 551/83/160 552/84/160
f 545/77/160 544/76/160 552/84/160
f 545/77/161 552/84/161 553/85/161
f 546/6/161 545/77/161 553/85/161
f 553/85/162 554/86/162 547/78/162
f 547/78/162 546/6/162 553/85/162
f 554/86/163 555/87/163 548/79/163
f 548/79/163 547/78/163 554/86/163
f 555/87/164 549/88/164 542/80/164
f 542/80/164 548/79/164 555/87/164
f 550/82/165 549/81/165 556/89/165
f 550/82/165 556/89/165 557/90/165
f 551/83/166 550/82/166 557/90/166
f 551/83/166 557/90/166 558/91/166
f 552/84/167 551/83/167 558/91/167
f 552/84/167 558/91/167 559/92/167
f 552/84/168 559/92/168 560/93/168
f 553/85/168 552/84/168 560/93/168
f 560/93/169 561/94/169 554/86/169
f 554/86/169 553/85/169 560/93/169
f 562/95/170 555/87/170 554/86/170
f 562/95/170 554/86/170 561/94/170
f 556/96/171 549/88/171 555/87/171
f 556/96/171 555/87/171 562/95/171
f 557/90/172 556/89/172 563/97/172
f 557/90/172 563/97/172 564/98/172
f 558/91/173 557/90/173 564/98/173
f 558/91/173 564/98/173 565/99/173
f 559/92/174 558/91/174 565/99/174
f 559/92/174 565/99/174 566/100/174
f 559/92/175 566/100/175 567/101/175
f 560/93/175 559/92/175 567/101/175
f 567/101/176 568/102/176 561/94/176
f 561/94/176 560/93/176 567/101/176
f 569/103/177 562/95/177 561/94/177
f 569/103/177 561/94/177 568/102/177
f 563/104/178 556/96/178 562/95/178
f 563/104/178 562/95/178 569/103/178
f 564/98/179 563/97/179 570/105/179
f 564/98/179 570/105/179 571/106/179
f 564/98/180 571/106/180 572/107/180
f 565/99/180 564/98/180 572/107/180
f 565/99/181 572/107/181 573/108/181
f 566/100/181 565/99/181 573/108/181
f 566/100/182 573/108/182 574/109/182
f 567/101/182 566/100/182 574/109/182
f 574/109/183 575/110/183 568/102/183
f 568/102/183 567/101/183 574/109/183
f 575/110/184 576/111/184 569/103/184
f 569/103/184 568/102/184 575/110/184
f 576/111/185 570/112/185 563/104/185
f 563/104/185 569/103/185 576/111/185
f 571/106/186 570/105/186 577/113/186
f 571/106/186 577/113/186 578/114/186
f 572/107/187 571/106/187 578/114/187
f 572/107/187 578/114/187 579/115/187
f 573/108/188 572/107/188 579/115/188
f 573/108/188 579/115/188 580/116/188
f 574/109/189 573/108/189 580/116/189
f 574/109/189 580/116/189 581/117/189
f 581/117/190 582/118/190 575/110/190
f 575/110/190 574/109/190 581/117/190
f 583/119/191 576/111/191 575/110/191
f 583/119/191 575/110/191 582/118/191
f 577/120/192 570/112/192 576/111/192
f 577/120/192 576/111/192 583/119/192
f 578/114/193 577/113/193 584/121/193
f 578/114/193 584/121/193 585/122/193
f 579/115/194 578/114/194 585/122/194
f 579/115/194 585/122/194 586/123/194
f 580/116/195 579/115/195 586/123/195
f 580/116/195 586/123/195 587/124/195
f 580/116/196 587/124/196 588/125/196
f 581/117/196 580/116/196 588/125/196
f 588/125/197 589/126/197 582/118/197
f 582/118/197 581/117/197 588/125/197
f 589/126/198 590/127/198 583/119/198
f 583/119/198 582/118/198 589/126/198
f 584/128/199 577/120/199 583/119/199
f 584/128/199 583/119/199 590/127/199
f 585/122/200 584/121/200 493/129/200
f 585/122/200 493/129/200 494/16/200
f 586/123/201 585/122/201 494/16/201
f 586/123/201 494/16/201 495/19/201
f 586/123/202 495/19/202 496/22/202
f 587/124/202 586/123/202 496/22/202
f 587/124/203 496/22/203 497/25/203
f 588/125/203 587/124/203 497/25/203
f 497/25/204 498/28/204 589/126/204
f 589/126/204 588/125/204 497/25/204
f 498/28/205 499/31/205 590/127/205
f 590/127/205 589/126/205 498/28/205
f 493/33/206 584/128/206 590/127/206
f 493/33/206 590/127/206 499/31/206
f 690/14/2 689/15/2 696/11/2
f 690/14/2 696/11/2 697/13/2
f 691/18/111 690/14/111 697/13/111
f 691/18/111 697/13/111 698/17/111
f 692/21/112 691/18/112 698/17/112
f 692/21/112 698/17/112 699/20/112
f 693/24/113 692/21/113 699/20/113
f 693/24/113 699/20/113 700/23/113
f 701/26/114 694/27/114 693/24/114
f 701/26/114 693/24/114 700/23/114
f 702/29/115 695/30/115 694/27/115
f 702/29/115 694/27/115 701/26/115
f 696/32/116 689/12/116 695/30/116
f 696/32/116 695/30/116 702/29/116
f 697/13/117 696/11/117 703/34/117
f 697/13/117 703/34/117 704/35/117
f 697/13/118 704/35/118 705/36/118
f 698/17/118 697/13/118 705/36/118
f 698/17/119 705/36/119 706/37/119
f 699/20/119 698/17/119 706/37/119
f 699/20/120 706/37/120 707/38/120
f 700/23/120 699/20/120 707/38/120
f 707/38/121 708/39/121 701/26/121
f 701/26/121 700/23/121 707/38/121
f 708/39/122 709/40/122 702/29/122
f 702/29/122 701/26/122 708/39/122
f 709/40/123 703/41/123 696/32/123
f 696/32/123 702/29/123 709/40/123
f 704/35/124 703/34/124 710/42/124
f 704/35/124 710/42/124 711/43/124
f 704/35/125 711/43/125 712/44/125
f 705/36/125 704/35/125 712/44/125
f 705/36/126 712/44/126 713/45/126
f 706/37/126 705/36/126 713/45/126
f 707/38/127 706/37/127 713/45/127
f 707/38/127 713/45/127 714/46/127
f 715/47/128 708/39/128 707/38/128
f 715/47/128 707/38/128 714/46/128
f 715/47/129 716/48/129 709/40/129
f 709/40/129 708/39/129 715/47/129
f 716/48/130 710/49/130 703/41/130
f 703/41/130 709/40/130 716/48/130
f 711/43/131 710/42/131 717/50/131
f 711/43/131 717/50/131 718/51/131
f 712/44/132 711/43/132 718/51/132
f 712/44/132 718/51/132 719/52/132
f 713/45/133 712/44/133 719/52/133
f 713/45/133 719/52/133 720/53/133
f 714/46/134 713/45/134 720/53/134
f 714/46/134 720/53/134 721/54/134
f 722/55/135 715/47/135 714/46/135
f 722/55/135 714/46/135 721/54/135
f 723/56/136 716/48/136 715/47/136
f 723/56/136 715/47/136 722/55/136
f 717/57/137 710/49/137 716/48/137
f 717/57/137 716/48/137 723/56/137
f 718/51/138 717/50/138 724/58/138
f 718/51/138 724/58/138 725/59/138
f 719/52/139 718/51/139 725/59/139
f 719/52/139 725/59/139 726/60/139
f 719/52/140 726/60/140 727/61/140
f 720/53/140 719/52/140 727/61/140
f 720/53/141 727/61/141 728/62/141
f 721/54/141 720/53/141 728/62/141
f 728/62/142 729/63/142 722/55/142
f 722/55/142 721/54/142 728/62/142
f 729/63/143 730/64/143 723/56/143
f 723/56/143 722/55/143 729/63/143
f 724/65/144 717/57/144 723/56/144
f 724/65/144 723/56/144 730/64/144
f 725/59/145 724/58/145 731/66/145
f 725/59/145 731/66/145 732/67/145
f 726/60/146 725/59/146 732/67/146
f 726/60/146 732/67/146 733/68/146
f 727/61/147 726/60/147 733/68/147
f 727/61/147 733/68/147 734/69/147
f 727/61/148 734/69/148 735/70/148
f 728/62/148 727/61/148 735/70/148
f 735/70/149 736/71/149 729/63/149
f 729/63/149 728/62/149 735/70/149
f 737/72/150 730/64/150 729/63/150
f 737/72/150 729/63/150 736/71/150
f 731/73/151 724/65/151 730/64/151
f 731/73/151 730/64/151 737/72/151
f 732/67/152 731/66/152 738/74/152
f 732/67/152 738/74/152 739/75/152
f 732/67/153 739/75/153 740/76/153
f 733/68/153 732/67/153 740/76/153
f 734/69/154 733/68/154 740/76/154
f 734/69/154 740/76/154 741/77/154
f 734/69/155 741/77/155 742/6/155
f 735/70/155 734/69/155 742/6/155
f 742/6/156 743/78/156 736/71/156
f 736/71/156 735/70/156 742/6/156
f 744/79/157 737/72/157 736/71/157
f 744/79/157 736/71/157 743/78/157
f 744/79/158 738/80/158 731/73/158
f 731/73/158 737/72/158 744/79/158
f 739/75/1 738/74/1 745/81/1
f 739/75/1 745/81/1 746/82/1
f 739/75/159 746/82/159 747/83/159
f 740/76/159 739/75/159 747/83/159
f 740/76/160 747/83/160 748/84/160
f 741/77/160 740/76/160 748/84/160
f 741/77/161 748/84/161 749/85/161
f 742/6/161 741/77/161 749/85/161
f 749/85/162 750/86/162 743/78/162
f 743/78/162 742/6/162 749/85/162
f 750/86/163 751/87/163 744/79/163
f 744/79/163 743/78/163 750/86/163
f 751/87/164 745/88/164 738/80/164
f 738/80/164 744/79/164 751/87/164
f 746/82/165 745/81/165 752/89/165
f 746/82/165 752/89/165 753/90/165
f 747/83/166 746/82/166 753/90/166
f 747/83/166 753/90/166 754/91/166
f 748/84/167 747/83/167 754/91/167
f 748/84/167 754/91/167 755/92/167
f 748/84/168 755/92/168 756/93/168
f 749/85/168 748/84/168 756/93/168
f 756/93/169 757/94/169 750/86/169
f 750/86/169 749/85/169 756/93/169
f 758/95/170 751/87/170 750/86/170
f 758/95/170 750/86/170 757/94/170
f 752/96/171 745/88/171 751/87/171
f 752/96/171 751/87/171 758/95/171
f 753/90/172 752/89/172 759/97/172
f 753/90/172 759/97/172 760/98/172
f 754/91/173 753/90/173 760/98/173
f 754/91/173 760/98/173 761/99/173
f 755/92/174 754/91/174 761/99/174
f 755/92/174 761/99/174 762/100/174
f 755/92/175 762/100/175 763/101/175
f 756/93/175 755/92/175 763/101/175
f 763/101/176 764/102/176 757/94/176
f 757/94/176 756/93/176 763/101/176
f 765/103/177 758/95/177 757/94/177
f 765/103/177 757/94/177 764/102/177
f 759/104/178 752/96/178 758/95/178
f 759/104/178 758/95/178 765/103/178
f 760/98/179 759/97/179 766/105/179
f 760/98/179 766/105/179 767/106/179
f 760/98/180 767/106/180 768/107/180
f 761/99/180 760/98/180 768/107/180
f 761/99/181 768/107/181 769/108/181
f 762/100/181 761/99/181 769/108/181
f 762/100/182 769/108/182 770/109/182
f 763/101/182 762/100/182 770/109/182
f 770/109/183 771/110/183 764/102/183
f 764/102/183 763/101/183 770/109/183
f 771/110/184 772/111/184 765/103/184
f 765/103/184 764/102/184 771/110/184
f 772/111/185 766/112/185 759/104/185
f 759/104/185 765/103/185 772/111/185
f 767/106/186 766/105/186 773/113/186
f 767/106/186 773/113/186 774/114/186
f 768/107/187 767/106/187 774/114/187
f 768/107/187 774/114/187 775/115/187
f 769/108/188 768/107/188 775/115/188
f 769/108/188 775/115/188 776/116/188
f 770/109/189 769/108/189 776/116/189
f 770/109/189 776/116/189 777/117/189
f 777/117/190 778/118/190 771/110/190
f 771/110/190 770/109/190 777/117/190
f 779/119/191 772/111/191 771/110/191
f 779/119/191 771/110/191 778/118/191
f 773/120/192 766/112/192 772/111/192
f 773/120/192 772/111/192 779/119/192
f 774/114/193 773/113/193 780/121/193
f 774/114/193 780/121/193 781/122/193
f 775/115/194 774/114/194 781/122/194
f 775/115/194 781/122/194 782/123/194
f 776/116/195 775/115/195 782/123/195
f 776/116/195 782/123/195 783/124/195
f 776/116/196 783/124/196 784/125/196
f 777/117/196 776/116/196 784/125/196
f 784/125/197 785/126/197 778/118/197
f 778/118/197 777/117/197 784/125/197
f 785/126/198 786/127/198 779/119/198
f 779/119/198 778/118/198 785/126/198
f 780/128/199 773/120/199 779/119/199
f 780/128/199 779/119/199 786/127/199
f 781/122/200 780/121/200 689/129/200
f 781/122/200 689/129/200 690/16/200
f 782/123/201 781/122/201 690/16/201
f 782/123/201 690/16/201 691/19/201
f 782/123/202 691/19/202 692/22/202
f 783/124/202 782/123/202 692/22/202
f 783/124/203 692/22/203 693/25/203
f 784/125/203 783/124/203 693/25/203
f 693/25/204 694/28/204 785/126/204
f 785/126/204 784/125/204 693/25/204
f 694/28/205 695/31/205 786/127/205
f 786/127/205 785/126/205 694/28/205
f 689/33/206 780/128/206 786/127/206
f 689/33/206 786/127/206 695/31/206
f 788/14/2 787/15/2 794/11/2
f 788/14/2 794/11/2 795/13/2
f 789/18/111 788/14/111 795/13/111
f 789/18/111 795/13/111 796/17/111
f 790/21/112 789/18/112 796/17/112
f 790/21/112 796/17/112 797/20/112
f 791/24/113 790/21/113 797/20/113
f 791/24/113 797/20/113 798/23/113
f 799/26/114 792/27/114 791/24/114
f 799/26/114 791/24/114 798/23/114
f 800/29/115 793/30/115 792/27/115
f 800/29/115 792/27/115 799/26/115
f 794/32/116 787/12/116 793/30/116
f 794/32/116 793/30/116 800/29/116
f 795/13/117 794/11/117 801/34/117
f 795/13/117 801/34/117 802/35/117
f 795/13/118 802/35/118 803/36/118
f 796/17/118 795/13/118 803/36/118
f 796/17/119 803/36/119 804/37/119
f 797/20/119 796/17/119 804/37/119
f 797/20/120 804/37/120 805/38/120
f 798/23/120 797/20/120 805/38/120
f 805/38/121 806/39/121 799/26/121
f 799/26/121 798/23/121 805/38/121
f 806/39/122 807/40/122 800/29/122
f 800/29/122 799/26/122 806/39/122
f 807/40/123 801/41/123 794/32/123
f 794/32/123 800/29/123 807/40/123
f 802/35/124 801/34/124 808/42/124
f 802/35/124 808/42/124 809/43/124
f 802/35/125 809/43/125 810/44/125
f 803/36/125 802/35/125 810/44/125
f 803/36/126 810/44/126 811/45/126
f 804/37/126 803/36/126 811/45/126
f 805/38/127 804/37/127 811/45/127
f 805/38/127 811/45/127 812/46/127
f 813/47/128 806/39/128 805/38/128
f 813/47/128 805/38/128 812/46/128
f 813/47/129 814/48/129 807/40/129
f 807/40/129 806/39/129 813/47/129
f 814/48/130 808/49/130 801/41/130
f 801/41/130 807/40/130 814/48/130
f 809/43/131 808/42/131 815/50/131
f 809/43/131 815/50/131 816/51/131
f 810/44/132 809/43/132 816/51/132
f 810/44/132 816/51/132 817/52/132
f 811/45/133 810/44/133 817/52/133
f 811/45/133 817/52/133 818/53/133
f 812/46/134 811/45/134 818/53/134
f 812/46/134 818/53/134 819/54/134
f 820/55/135 813/47/135 812/46/135
f 820/55/135 812/46/135 819/54/135
f 821/56/136 814/48/136 813/47/136
f 821/56/136 813/47/136 820/55/136
f 815/57/137 808/49/137 814/48/137
f 815/57/137 814/48/137 821/56/137
f 816/51/138 815/50/138 822/58/138
f 816/51/138 822/58/138 823/59/138
f 817/52/139 816/51/139 823/59/139
f 817/52/139 823/59/139 824/60/139
f 817/52/140 824/60/140 825/61/140
f 818/53/140 817/52/140 825/61/140
f 818/53/141 825/61/141 826/62/141
f 819/54/141 818/53/141 826/62/141
f 826/62/142 827/63/142 820/55/142
f 820/55/142 819/54/142 826/62/142
f 827/63/143 828/64/143 821/56/143
f 821/56/143 820/55/143 827/63/143
f 822/65/144 815/57/144 821/56/144
f 822/65/144 821/56/144 828/64/144
f 823/59/145 822/58/145 829/66/145
f 823/59/145 829/66/145 830/67/145
f 824/60/146 823/59/146 830/67/146
f 824/60/146 830/67/146 831/68/146
f 825/61/147 824/60/147 831/68/147
f 825/61/147 831/68/147 832/69/147
f 825/61/148 832/69/148 833/70/148
f 826/62/148 825/61/148 833/70/148
f 833/70/149 834/71/149 827/63/149
f 827/63/149 826/62/149 833/70/149
f 835/72/150 828/64/150 827/63/150
f 835/72/150 827/63/150 834/71/150
f 829/73/151 822/65/151 828/64/151
f 829/73/151 828/64/151 835/72/151
f 830/67/152 829/66/152 836/74/152
f 830/67/152 836/74/152 837/75/152
f 830/67/153 837/75/153 838/76/153
f 831/68/153 830/67/153 838/76/153
f 832/69/154 831/68/154 838/76/154
f 832/69/154 838/76/154 839/77/154
f 832/69/155 839/77/155 840/6/155
f 833/70/155 832/69/155 840/6/155
f 840/6/156 841/78/156 834/71/156
f 834/71/156 833/70/156 840/6/156
f 842/79/157 835/72/157 834/71/157
f 842/79/157 834/71/157 841/78/157
f 842/79/158 836/80/158 829/73/158
f 829/73/158 835/72/158 842/79/158
f 837/75/1 836/74/1 843/81/1
f 837/75/1 843/81/1 844/82/1
f 837/75/159 844/82/159 845/83/159
f 838/76/159 837/75/159 845/83/159
f 838/76/160 845/83/160 846/84/160
f 839/77/160 838/76/160 846/84/160
f 839/77/161 846/84/161 847/85/161
f 840/6/161 839/77/161 847/85/161
f 847/85/162 848/86/162 841/78/162
f 841/78/162 840/6/162 847/85/162
f 848/86/163 849/87/163 842/79/163
f 842/79/163 841/78/163 848/86/163
f 849/87/164 843/88/164 836/80/164
f 836/80/164 842/79/164 849/87/164
f 844/82/165 843/81/165 850/89/165
f 844/82/165 850/89/165 851/90/165
f 845/83/166 844/82/166 851/90/166
f 845/83/166 851/90/166 852/91/166
f 846/84/167 845/83/167 852/91/167
f 846/84/167 852/91/167 853/92/167
f 846/84/168 853/92/168 854/93/168
f 847/85/168 846/84/168 854/93/168
f 854/93/169 855/94/169 848/86/169
f 848/86/169 847/85/169 854/93/169
f 856/95/170 849/87/170 848/86/170
f 856/95/170 848/86/170 855/94/170
f 850/96/171 843/88/171 849/87/171
f 850/96/171 849/87/171 856/95/171
f 851/90/172 850/89/172 857/97/172
f 851/90/172 857/97/172 858/98/172
f 852/91/173 851/90/173 858/98/173
f 852/91/173 858/98/173 859/99/173
f 853/92/174 852/91/174 859/99/174
f 853/92/174 859/99/174 860/100/174
f 853/92/175 860/100/175 861/101/175
f 854/93/175 853/92/175 861/101/175
f 861/101/176 862/102/176 855/94/176
f 855/94/176 854/93/176 861/101/176
f 863/103/177 856/95/177 855/94/177
f 863/103/177 855/94/177 862/102/177
f 857/104/178 850/96/178 856/95/178
f 857/104/178 856/95/178 863/103/178
f 858/98/179 857/97/179 864/105/179
f 858/98/179 864/105/179 865/106/179
f 858/98/180 865/106/180 866/107/180
f 859/99/180 858/98/180 866/107/180
f 859/99/181 866/107/181 867/108/181
f 860/100/181 859/99/181 867/108/181
f 860/100/182 867/108/182 868/109/182
f 861/101/182 860/100/182 868/109/182
f 868/109/183 869/110/183 862/102/183
f 862/102/183 861/101/183 868/109/183
f 869/110/184 870/111/184 863/103/184
f 863/103/184 862/102/184 869/110/184
f 870/111/185 864/112/185 857/104/185
f 857/104/185 863/103/185 870/111/185
f 865/106/186 864/105/186 871/113/186
f 865/106/186 871/113/186 872/114/186
f 866/107/187 865/106/187 872/114/187
f 866/107/187 872/114/187 873/115/187
f 867/108/188 866/107/188 873/115/188
f 867/108/188 873/115/188 874/116/188
f 868/109/189 867/108/189 874/116/189
f 868/109/189 874/116/189 875/117/189
f 875/117/190 876/118/190 869/110/190
f 869/110/190 868/109/190 875/117/190
f 877/119/191 870/111/191 869/110/191
f 877/119/191 869/110/191 876/118/191
f 871/120/192 864/112/192 870/111/192
f 871/120/192 870/111/192 877/119/192
f 872/114/193 871/113/193 878/121/193
f 872/114/193 878/121/193 879/122/193
f 873/115/194 872/114/194 879/122/194
f 873/115/194 879/122/194 880/123/194
f 874/116/195 873/115/195 880/123/195
f 874/116/195 880/123/195 881/124/195
f 874/116/196 881/124/196 882/125/196
f 875/117/196 874/116/196 882/125/196
f 882/125/197 883/126/197 876/118/197
f 876/118/197 875/117/197 882/125/197
f 883/126/198 884/127/198 877/119/198
f 877/119/198 876/118/198 883/126/198
f 878/128/199 871/120/199 877/119/199
f 878/128/199 877/119/199 884/127/199
f 879/122/200 878/121/200 787/129/200
f 879/122/200 787/129/200 788/16/200
f 880/123/201 879/122/201 788/16/201
f 880/123/201 788/16/201 789/19/201
f 880/123/202 789/19/202 790/22/202
f 881/124/202 880/123/202 790/22/202
f 881/124/203 790/22/203 791/25/203
f 882/125/203 881/124/203 791/25/203
f 791/25/204 792/28/204 883/126/204
f 883/126/204 882/125/204 791/25/204
f 792/28/205 793/31/205 884/127/205
f 884/127/205 883/126/205 792/28/205
f 787/33/206 878/128/206 884/127/206
f 787/33/206 884/127/206 793/31/206
f 886/14/2 885/15/2 892/11/2
f 886/14/2 892/11/2 893/13/2
f 887/18/111 886/14/111 893/13/111
f 887/18/111 893/13/111 894/17/111
f 888/21/112 887/18/112 894/17/112
f 888/21/112 894/17/112 895/20/112
f 889/24/113 888/21/113 895/20/113
f 889/24/113 895/20/113 896/23/113
f 897/26/114 890/27/114 889/24/114
f 897/26/114 889/24/114 896/23/114
f 898/29/115 891/30/115 890/27/115
f 898/29/115 890/27/115 897/26/115
f 892/32/116 885/12/116 891/30/116
f 892/32/116 891/30/116 898/29/116
f 893/13/117 892/11/117 899/34/117
f 893/13/117 899/34/117 900/35/117
f 893/13/118 900/35/118 901/36/118
f 894/17/118 893/13/118 901/36/118
f 894/17/119 901/36/119 902/37/119
f 895/20/119 894/17/119 902/37/119
f 895/20/120 902/37/120 903/38/120
f 896/23/120 895/20/120 903/38/120
f 903/38/121 904/39/121 897/26/121
f 897/26/121 896/23/121 903/38/121
f 904/39/122 905/40/122 898/29/122
f 898/29/122 897/26/122 904/39/122
f 905/40/123 899/41/123 892/32/123
f 892/32/123 898/29/123 905/40/123
f 900/35/124 899/34/124 906/42/124
f 900/35/124 906/42/124 907/43/124
f 900/35/125 907/43/125 908/44/125
f 901/36/125 900/35/125 908/44/125
f 901/36/126 908/44/126 909/45/126
f 902/37/126 901/36/126 909/45/126
f 903/38/127 902/37/127 909/45/127
f 903/38/127 909/45/127 910/46/127
f 911/47/128 904/39/128 903/38/128
f 911/47/128 903/38/128 910/46/128
f 911/47/129 912/48/129 905/40/129
f 905/40/129 904/39/129 911/47/129
f 912/48/130 906/49/130 899/41/130
f 899/41/130 905/40/130 912/48/130
f 907/43/131 906/42/131 913/50/131
f 907/43/131 913/50/131 914/51/131
f 908/44/132 907/43/132 914/51/132
f 908/44/132 914/51/132 915/52/132
f 909/45/133 908/44/133 915/52/133
f 909/45/133 915/52/133 916/53/133
f 910/46/134 909/45/134 916/53/134
f 910/46/134 916/53/134 917/54/134
f 918/55/135 911/47/135 910/46/135
f 918/55/135 910/46/135 917/54/135
f 919/56/136 912/48/136 911/47/136
f 919/56/136 911/47/136 918/55/136
f 913/57/137 906/49/137 912/48/137
f 913/57/137 912/48/137 919/56/137
f 914/51/138 913/50/138 920/58/138
f 914/51/138 920/58/138 921/59/138
f 915/52/139 914/51/139 921/59/139
f 915/52/139 921/59/139 922/60/139
f 915/52/140 922/60/140 923/61/140
f 916/53/140 915/52/140 923/61/140
f 916/53/141 923/61/141 924/62/141
f 917/54/141 916/53/141 924/62/141
f 924/62/142 925/63/142 918/55/142
f 918/55/142 917/54/142 924/62/142
f 925/63/143 926/64/143 919/56/143
f 919/56/143 918/55/143 925/63/143
f 920/65/144 913/57/144 919/56/144
f 920/65/144 919/56/144 926/64/144
f 921/59/145 920/58/145 927/66/145
f 921/59/145 927/66/145 928/67/145
f 922/60/146 921/59/146 928/67/146
f 922/60/146 928/67/146 929/68/146
f 923/61/147 922/60/147 929/68/147
f 923/61/147 929/68/147 930/69/147
f 923/61/148 930/69/148 931/70/148
f 924/62/148 923/61/148 931/70/148
f 931/70/149 932/71/149 925/63/149
f 925/63/149 924/62/149 931/70/149
f 933/72/150 926/64/150 925/63/150
f 933/72/150 925/63/150 932/71/150
f 927/73/151 920/65/151 926/64/151
f 927/73/151 926/64/151 933/72/151
f 928/67/152 927/66/152 934/74/152
f 928/67/152 934/74/152 935/75/152
f 928/67/153 935/75/153 936/76/153
f 929/68/153 928/67/153 936/76/153
f 930/69/154 929/68/154 936/76/154
f 930/69/154 936/76/154 937/77/154
f 930/69/155 937/77/155 938/6/155
f 931/70/155 930/69/155 938/6/155
f 938/6/156 939/78/156 932/71/156
f 932/71/156 931/70/156 938/6/156
f 940/79/157 933/72/157 932/71/157
f 940/79/157 932/71/157 939/78/157
f 940/79/158 934/80/158 927/73/158
f 927/73/158 933/72/158 940/79/158
f 935/75/1 934/74/1 941/81/1
f 935/75/1 941/81/1 942/82/1
f 935/75/159 942/82/159 943/83/159
f 936/76/159 935/75/159 943/83/159
f 936/76/160 943/83/160 944/84/160
f 937/77/160 936/76/160 944/84/160
f 937/77/161 944/84/161 945/85/161
f 938/6/161 937/77/161 945/85/161
f 945/85/162 946/86/162 939/78/162
f 939/78/162 938/6/162 945/85/162
f 946/86/163 947/87/163 940/79/163
f 940/79/163 939/78/163 946/86/163
f 947/87/164 941/88/164 934/80/164
f 934/80/164 940/79/164 947/87/164
f 942/82/165 941/81/165 948/89/165
f 942/82/165 948/89/165 949/90/165
f 943/83/166 942/82/166 949/90/166
f 943/83/166 949/90/166 950/91/166
f 944/84/167 943/83/167 950/91/167
f 944/84/167 950/91/167 951/92/167
f 944/84/168 951/92/168 952/93/168
f 945/85/168 944/84/168 952/93/168
f 952/93/169 953/94/169 946/86/169
f 946/86/169 945/85/169 952/93/169
f 954/95/170 947/87/170 946/86/170
f 954/95/170 946/86/170 953/94/170
f 948/96/171 941/88/171 947/87/171
f 948/96/171 947/87/171 954/95/171
f 949/90/172 948/89/172 955/97/172
f 949/90/172 955/97/172 956/98/172
f 950/91/173 949/90/173 956/98/173
f 950/91/173 956/98/173 957/99/173
f 951/92/174 950/91/174 957/99/174
f 951/92/174 957/99/174 958/100/174
f 951/92/175 958/100/175 959/101/175
f 952/93/175 951/92/175 959/101/175
f 959/101/176 960/102/176 953/94/176
f 953/94/176 952/93/176 959/101/176
f 961/103/177 954/95/177 953/94/177
f 961/103/177 953/94/177 960/102/177
f 955/104/178 948/96/178 954/95/178
f 955/104/178 954/95/178 961/103/178
f 956/98/179 955/97/179 962/105/179
f 956/98/179 962/105/179 963/106/179
f 956/98/180 963/106/180 964/107/180
f 957/99/180 956/98/180 964/107/180
f 957/99/181 964/107/181 965/108/181
f 958/100/181 957/99/181 965/108/181
f 958/100/182 965/108/182 966/109/182
f 959/101/182 958/100/182 966/109/182
f 966/109/183 967/110/183 960/102/183
f 960/102/183 959/101/183 966/109/183
f 967/110/184 968/111/184 961/103/184
f 961/103/184 960/102/184 967/110/184
f 968/111/185 962/112/185 955/104/185
f 955/104/185 961/103/185 968/111/185
f 963/106/186 962/105/186 969/113/186
f 963/106/186 969/113/186 970/114/186
f 964/107/187 963/106/187 970/114/187
f 964/107/187 970/114/187 971/115/187
f 965/108/188 964/107/188 971/115/188
f 965/108/188 971/115/188 972/116/188
f 966/109/189 965/108/189 972/116/189
f 966/109/189 972/116/189 973/117/189
f 973/117/190 974/118/190 967/110/190
f 967/110/190 966/109/190 973/117/190
f 975/119/191 968/111/191 967/110/191
f 975/119/191 967/110/191 974/118/191
f 969/120/192 962/112/192 968/111/192
f 969/120/192 968/111/192 975/119/192
f 970/114/193 969/113/193 976/121/193
f 970/114/193 976/121/193 977/122/193
f 971/115/194 970/114/194 977/122/194
f 971/115/194 977/122/194 978/123/194
f 972/116/195 971/115/195 978/123/195
f 972/116/195 978/123/195 979/124/195
f 972/116/196 979/124/196 980/125/196
f 973/117/196 972/116/196 980/125/196
f 980/125/197 981/126/197 974/118/197
f 974/118/197 973/117/197 980/125/197
f 981/126/198 982/127/198 975/119/198
f 975/119/198 974/118/198 981/126/198
f 976/128/199 969/120/199 975/119/199
f 976/128/199 975/119/199 982/127/199
f 977/122/200 976/121/200 885/129/200
f 977/122/200 885/129/200 886/16/200
f 978/123/201 977/122/201 886/16/201
f 978/123/201 886/16/201 887/19/201
f 978/123/202 887/19/202 888/22/202
f 979/124/202 978/123/202 888/22/202
f 979/124/203 888/22/203 889/25/203
f 980/125/203 979/124/203 889/25/203
f 889/25/204 890/28/204 981/126/204
f 981/126/204 980/125/204 889/25/204
f 890/28/205 891/31/205 982/127/205
f 982/127/205 981/126/205 890/28/205
f 885/33/206 976/128/206 982/127/206
f 885/33/206 982/127/206 891/31/206
f 984/14/2 983/15/2 990/11/2
f 984/14/2 990/11/2 991/13/2
f 985/18/111 984/14/111 991/13/111
f 985/18/111 991/13/111 992/17/111
f 986/21/112 985/18/112 992/17/112
f 986/21/112 992/17/112 993/20/112
f 987/24/113 986/21/113 993/20/113
f 987/24/113 993/20/113 994/23/113
f 995/26/114 988/27/114 987/24/114
f 995/26/114 987/24/114 994/23/114
f 996/29/115 989/30/115 988/27/115
f 996/29/115 988/27/115 995/26/115
f 990/32/116 983/12/116 989/30/116
f 990/32/116 989/30/116 996/29/116
f 991/13/117 990/11/117 997/34/117
f 991/13/117 997/34/117 998/35/117
f 991/13/118 998/35/118 999/36/118
f 992/17/118 991/13/118 999/36/118
f 992/17/119 999/36/119 1000/37/119
f 993/20/119 992/17/119 1000/37/119
f 993/20/120 1000/37/120 1001/38/120
f 994/23/120 993/20/120 1001/38/120
f 1001/38/121 1002/39/121 995/26/121
f 995/26/121 994/23/121 1001/38/121
f 1002/39/122 1003/40/122 996/29/122
f 996/29/122 995/26/122 1002/39/122
f 1003/40/123 997/41/123 990/32/123
f 990/32/123 996/29/123 1003/40/123
f 998/35/124 997/34/124 1004/42/124
f 998/35/124 1004/42/124 1005/43/124
f 998/35/125 1005/43/125 1006/44/125
f 999/36/125 998/35/125 1006/44/125
f 999/36/126 1006/44/126 1007/45/126
f 1000/37/126 999/36/126 1007/45/126
f 1001/38/127 1000/37/127 1007/45/127
f 1001/38/127 1007/45/127 1008/46/127
f 1009/47/128 1002/39/128 1001/38/128
f 1009/47/128 1001/38/128 1008/46/128
f 1009/47/129 1010/48/129 1003/40/129
f 1003/40/129 1002/39/129 1009/47/129
f 1010/48/130 1004/49/130 997/41/130
f 997/41/130 1003/40/130 1010/48/130
f 1005/43/131 1004/42/131 1011/50/131
f 1005/43/131 1011/50/131 1012/51/131
f 1006/44/132 1005/43/132 1012/51/132
f 1006/44/132 1012/51/132 1013/52/132
f 1007/45/133 1006/44/133 1013/52/133
f 1007/45/133 1013/52/133 1014/53/133
f 1008/46/134 1007/45/134 1014/53/134
f 1008/46/134 1014/53/134 1015/54/134
f 1016/55/135 1009/47/135 1008/46/135
f 1016/55/135 1008/46/135 1015/54/135
f 1017/56/136 1010/48/136 1009/47/136
f 1017/56/136 1009/47/136 1016/55/136
f 1011/57/137 1004/49/137 1010/48/137
f 1011/57/137 1010/48/137 1017/56/137
f 1012/51/138 1011/50/138 1018/58/138
f 1012/51/138 1018/58/138 1019/59/138
f 1013/52/139 1012/51/139 1019/59/139
f 1013/52/139 1019/59/139 1020/60/139
f 1013/52/140 1020/60/140 1021/61/140
f 1014/53/140 1013/52/140 1021/61/140
f 1014/53/141 1021/61/141 1022/62/141
f 1015/54/141 1014/53/141 1022/62/141
f 1022/62/142 1023/63/142 1016/55/142
f 1016/55/142 1015/54/142 1022/62/142
f 1023/63/143 1024/64/143 1017/56/143
f 1017/56/143 1016/55/143 1023/63/143
f 1018/65/144 1011/57/144 1017/56/144
f 1018/65/144 1017/56/144 1024/64/144
f 1019/59/145 1018/58/145 1025/66/145
f 1019/59/145 1025/66/145 1026/67/145
f 1020/60/146 1019/59/146 1026/67/146
f 1020/60/146 1026/67/146 1027/68/146
f 1021/61/147 1020/60/147 1027/68/147
f 1021/61/147 1027/68/147 1028/69/147
f 1021/61/148 1028/69/148 1029/70/148
f 1022/62/148 1021/61/148 1029/70/148
f 1029/70/149 1030/71/149 1023/63/149
f 1023/63/149 1022/62/149 1029/70/149
f 1031/72/150 1024/64/150 1023/63/150
f 1031/72/150 1023/63/150 1030/71/150
f 1025/73/151 1018/65/151 1024/64/151
f 1025/73/151 1024/64/151 1031/72/151
f 1026/67/152 1025/66/152 1032/74/152
f 1026/67/152 1032/74/152 1033/75/152
f 1026/67/153 1033/75/153 1034/76/153
f 1027/68/153 1026/67/153 1034/76/153
f 1028/69/154 1027/68/154 1034/76/154
f 1028/69/154 1034/76/154 1035/77/154
f 1028/69/155 1035/77/155 1036/6/155
f 1029/70/155 1028/69/155 1036/6/155
f 1036/6/156 1037/78/156 1030/71/156
f 1030/71/156 1029/70/156 1036/6/156
f 1038/79/157 1031/72/157 1030/71/157
f 1038/79/157 1030/71/157 1037/78/157
f 1038/79/158 1032/80/158 1025/73/158
f 1025/73/158 1031/72/158 1038/79/158
f 1033/75/1 1032/74/1 1039/81/1
f 1033/75/1 1039/81/1 1040/82/1
f 1033/75/159 1040/82/159 1041/83/159
f 1034/76/159 1033/75/159 1041/83/159
f 1034/76/160 1041/83/160 1042/84/160
f 1035/77/160 1034/76/160 1042/84/160
f 1035/77/161 1042/84/161 1043/85/161
f 1036/6/161 1035/77/161 1043/85/161
f 1043/85/162 1044/86/162 1037/78/162
f 1037/78/162 1036/6/162 1043/85/162
f 1044/86/163 1045/87/163 1038/79/163
f 1038/79/163 1037/78/163 1044/86/163
f 1045/87/164 1039/88/164 1032/80/164
f 1032/80/164 1038/79/164 1045/87/164
f 1040/82/165 1039/81/165 1046/89/165
f 1040/82/165 1046/89/165 1047/90/165
f 1041/83/166 1040/82/166 1047/90/166
f 1041/83/166 1047/90/166 1048/91/166
f 1042/84/167 1041/83/167 1048/91/167
f 1042/84/167 1048/91/167 1049/92/167
f 1042/84/168 1049/92/168 1050/93/168
f 1043/85/168 1042/84/168 1050/93/168
f 1050/93/169 1051/94/169 1044/86/169
f 1044/86/169 1043/85/169 1050/93/169
f 1052/95/170 1045/87/170 1044/86/170
f 1052/95/170 1044/86/170 1051/94/170
f 1046/96/171 1039/88/171 1045/87/171
f 1046/96/171 1045/87/171 1052/95/171
f 1047/90/172 1046/89/172 1053/97/172
f 1047/90/172 1053/97/172 1054/98/172
f 1048/91/173 1047/90/173 1054/98/173
f 1048/91/173 1054/98/173 1055/99/173
f 1049/92/174 1048/91/174 1055/99/174
f 1049/92/174 1055/99/174 1056/100/174
f 1049/92/175 1056/100/175 1057/101/175
f 1050/93/175 1049/92/175 1057/101/175
f 1057/101/176 1058/102/176 1051/94/176
f 1051/94/176 1050/93/176 1057/101/176
f 1059/103/177 1052/95/177 1051/94/177
f 1059/103/177 1051/94/177 1058/102/177
f 1053/104/178 1046/96/178 1052/95/178
f 1053/104/178 1052/95/178 1059/103/178
f 1054/98/179 1053/97/179 1060/105/179
f 1054/98/179 1060/105/179 1061/106/179
f 1054/98/180 1061/106/180 1062/107/180
f 1055/99/180 1054/98/180 1062/107/180
f 1055/99/181 1062/107/181 1063/108/181
f 1056/100/181 1055/99/181 1063/108/181
f 1056/100/182 1063/108/182 1064/109/182
f 1057/101/182 1056/100/182 1064/109/182
f 1064/109/183 1065/110/183 1058/102/183
f 1058/102/183 1057/101/183 1064/109/183
f 1065/110/184 1066/111/184 1059/103/184
f 1059/103/184 1058/102/184 1065/110/184
f 1066/111/185 1060/112/185 1053/104/185
f 1053/104/185 1059/103/185 1066/111/185
f 1061/106/186 1060/105/186 1067/113/186
f 1061/106/186 1067/113/186 1068/114/186
f 1062/107/187 1061/106/187 1068/114/187
f 1062/107/187 1068/114/187 1069/115/187
f 1063/108/188 1062/107/188 1069/115/188
f 1063/108/188 1069/115/188 1070/116/188
f 1064/109/189 1063/108/189 1070/116/189
f 1064/109/189 1070/116/189 1071/117/189
f 1071/117/190 1072/118/190 1065/110/190
f 1065/110/190 1064/109/190 1071/117/190
f 1073/119/191 1066/111/191 1065/110/191
f 1073/119/191 1065/110/191 1072/118/191
f 1067/120/192 1060/112/192 1066/111/192
f 1067/120/192 1066/111/192 1073/119/192
f 1068/114/193 1067/113/193 1074/121/193
f 1068/114/193 1074/121/193 1075/122/193
f 1069/115/194 1068/114/194 1075/122/194
f 1069/115/194 1075/122/194 1076/123/194
f 1070/116/195 1069/115/195 1076/123/195
f 1070/116/195 1076/123/195 1077/124/195
f 1070/116/196 1077/124/196 1078/125/196
f 1071/117/196 1070/116/196 1078/125/196
f 1078/125/197 1079/126/197 1072/118/197
f 1072/118/197 1071/117/197 1078/125/197
f 1079/126/198 1080/127/198 1073/119/198
f 1073/119/198 1072/118/198 1079/126/198
f 1074/128/199 1067/120/199 1073/119/199
f 1074/128/199 1073/119/199 1080/127/199
f 1075/122/200 1074/121/200 983/129/200
f 1075/122/200 983/129/200 984/16/200
f 1076/123/201 1075/122/201 984/16/201
f 1076/123/201 984/16/201 985/19/201
f 1076/123/202 985/19/202 986/22/202
f 1077/124/202 1076/123/202 986/22/202
f 1077/124/203 986/22/203 987/25/203
f 1078/125/203 1077/124/203 987/25/203
f 987/25/204 988/28/204 1079/126/204
f 1079/126/204 1078/125/204 987/25/204
f 988/28/205 989/31/205 1080/127/205
f 1080/127/205 1079/126/205 988/28/205
f 983/33/206 1074/128/206 1080/127/206
f 983/33/206 1080/127/206 989/31/206
f 1082/14/2 1081/15/2 1088/11/2
f 1082/14/2 1088/11/2 1089/13/2
f 1083/18/111 1082/14/111 1089/13/111
f 1083/18/111 1089/13/111 1090/17/111
f 1084/21/112 1083/18/112 1090/17/112
f 1084/21/112 1090/17/112 1091/20/112
f 1085/24/113 1084/21/113 1091/20/113
f 1085/24/113 1091/20/113 1092/23/113
f 1093/26/114 1086/27/114 1085/24/114
f 1093/26/114 1085/24/114 1092/23/114
f 1094/29/115 1087/30/115 1086/27/115
f 1094/29/115 1086/27/115 1093/26/115
f 1088/32/116 1081/12/116 1087/30/116
f 1088/32/116 1087/30/116 1094/29/116
f 1089/13/117 1088/11/117 1095/34/117
f 1089/13/117 1095/34/117 1096/35/117
f 1089/13/118 1096/35/118 1097/36/118
f 1090/17/118 1089/13/118 1097/36/118
f 1090/17/119 1097/36/119 1098/37/119
f 1091/20/119 1090/17/119 1098/37/119
f 1091/20/120 1098/37/120 1099/38/120
f 1092/23/120 1091/20/120 1099/38/120
f 1099/38/121 1100/39/121 1093/26/121
f 1093/26/121 1092/23/121 1099/38/121
f 1100/39/122 1101/40/122 1094/29/122
f 1094/29/122 1093/26/122 1100/39/122
f 1101/40/123 1095/41/123 1088/32/123
f 1088/32/123 1094/29/123 1101/40/123
f 1096/35/124 1095/34/124 1102/42/124
f 1096/35/124 1102/42/124 1103/43/124
f 1096/35/125 1103/43/125 1104/44/125
f 1097/36/125 1096/35/125 1104/44/125
f 1097/36/126 1104/44/126 1105/45/126
f 1098/37/126 1097/36/126 1105/45/126
f 1099/38/127 1098/37/127 1105/45/127
f 1099/38/127 1105/45/127 1106/46/127
f 1107/47/128 1100/39/128 1099/38/128
f 1107/47/128 1099/38/128 1106/46/128
f 1107/47/129 1108/48/129 1101/40/129
f 1101/40/129 1100/39/129 1107/47/129
f 1108/48/130 1102/49/130 1095/41/130
f 1095/41/130 1101/40/130 1108/48/130
f 1103/43/131 1102/42/131 1109/50/131
f 1103/43/131 1109/50/131 1110/51/131
f 1104/44/132 1103/43/132 1110/51/132
f 1104/44/132 1110/51/132 1111/52/132
f 1105/45/133 1104/44/133 1111/52/133
f 1105/45/133 1111/52/133 1112/53/133
f 1106/46/134 1105/45/134 1112/53/134
f 1106/46/134 1112/53/134 1113/54/134
f 1114/55/135 1107/47/135 1106/46/135
f 1114/55/135 1106/46/135 1113/54/135
f 1115/56/136 1108/48/136 1107/47/136
f 1115/56/136 1107/47/136 1114/55/136
f 1109/57/137 1102/49/137 1108/48/137
f 1109/57/137 1108/48/137 1115/56/137
f 1110/51/138 1109/50/138 1116/58/138
f 1110/51/138 1116/58/138 1117/59/138
f 1111/52/139 1110/51/139 1117/59/139
f 1111/52/139 1117/59/139 1118/60/139
f 1111/52/140 1118/60/140 1119/61/140
f 1112/53/140 1111/52/140 1119/61/140
f 1112/53/141 1119/61/141 1120/62/141
f 1113/54/141 1112/53/141 1120/62/141
f 1120/62/142 1121/63/142 1114/55/142
f 1114/55/142 1113/54/142 1120/62/142
f 1121/63/143 1122/64/143 1115/56/143
f 1115/56/143 1114/55/143 1121/63/143
f 1116/65/144 1109/57/144 1115/56/144
f 1116/65/144 1115/56/144 1122/64/144
f 1117/59/145 1116/58/145 1123/66/145
f 1117/59/145 1123/66/145 1124/67/145
f 1118/60/146 1117/59/146 1124/67/146
f 1118/60/146 1124/67/146 1125/68/146
f 1119/61/147 1118/60/147 1125/68/147
f 1119/61/147 1125/68/147 1126/69/147
f 1119/61/148 1126/69/148 1127/70/148
f 1120/62/148 1119/61/148 1127/70/148
f 1127/70/149 1128/71/149 1121/63/149
f 1121/63/149 1120/62/149 1127/70/149
f 1129/72/150 1122/64/150 1121/63/150
f 1129/72/150 1121/63/150 1128/71/150
f 1123/73/151 1116/65/151 1122/64/151
f 1123/73/151 1122/64/151 1129/72/151
f 1124/67/152 1123/66/152 1130/74/152
f 1124/67/152 1130/74/152 1131/75/152
f 1124/67/153 1131/75/153 1132/76/153
f 1125/68/153 1124/67/153 1132/76/153
f 1126/69/154 1125/68/154 1132/76/154
f 1126/69/154 1132/76/154 1133/77/154
f 1126/69/155 1133/77/155 1134/6/155
f 1127/70/155 1126/69/155 1134/6/155
f 1134/6/156 1135/78/156 1128/71/156
f 1128/71/156 1127/70/156 1134/6/156
f 1136/79/157 1129/72/157 1128/71/157
f 1136/79/157 1128/71/157 1135/78/157
f 1136/79/158 1130/80/158 1123/73/158
f 1123/73/158 1129/72/158 1136/79/158
f 1131/75/1 1130/74/1 1137/81/1
f 1131/75/1 1137/81/1 1138/82/1
f 1131/75/159 1138/82/159 1139/83/159
f 1132/76/159 1131/75/159 1139/83/159
f 1132/76/160 1139/83/160 1140/84/160
f 1133/77/160 1132/76/160 1140/84/160
f 1133/77/161 1140/84/161 1141/85/161
f 1134/6/161 1133/77/161 1141/85/161
f 1141/85/162 1142/86/162 1135/78/162
f 1135/78/162 1134/6/162 1141/85/162
f 1142/86/163 1143/87/163 1136/79/163
f 1136/79/163 1135/78/163 1142/86/163
f 1143/87/164 1137/88/164 1130/80/164
f 1130/80/164 1136/79/164 1143/87/164
f 1138/82/165 1137/81/165 1144/89/165
f 1138/82/165 1144/89/165 1145/90/165
f 1139/83/166 1138/82/166 1145/90/166
f 1139/83/166 1145/90/166 1146/91/166
f 1140/84/167 1139/83/167 1146/91/167
f 1140/84/167 1146/91/167 1147/92/167
f 1140/84/168 1147/92/168 1148/93/168
f 1141/85/168 1140/84/168 1148/93/168
f 1148/93/169 1149/94/169 1142/86/169
f 1142/86/169 1141/85/169 1148/93/169
f 1150/95/170 1143/87/170 1142/86/170
f 1150/95/170 1142/86/170 1149/94/170
f 1144/96/171 1137/88/171 1143/87/171
f 1144/96/171 1143/87/171 1150/95/171
f 1145/90/172 1144/89/172 1151/97/172
f 1145/90/172 1151/97/172 1152/98/172
f 1146/91/173 1145/90/173 1152/98/173
f 1146/91/173 1152/98/173 1153/99/173
f 1147/92/174 1146/91/174 1153/99/174
f 1147/92/174 1153/99/174 1154/100/174
f 1147/92/175 1154/100/175 1155/101/175
f 1148/93/175 1147/92/175 1155/101/175
f 1155/101/176 1156/102/176 1149/94/176
f 1149/94/176 1148/93/176 1155/101/176
f 1157/103/177 1150/95/177 1149/94/177
f 1157/103/177 1149/94/177 1156/102/177
f 1151/104/178 1144/96/178 1150/95/178
f 1151/104/178 1150/95/178 1157/103/178
f 1152/98/179 1151/97/179 1158/105/179
f 1152/98/179 1158/105/179 1159/106/179
f 1152/98/180 1159/106/180 1160/107/180
f 1153/99/180 1152/98/180 1160/107/180
f 1153/99/181 1160/107/181 1161/108/181
f 1154/100/181 1153/99/181 1161/108/181
f 1154/100/182 1161/108/182 1162/109/182
f 1155/101/182 1154/100/182 1162/109/182
f 1162/109/183 1163/110/183 1156/102/183
f 1156/102/183 1155/101/183 1162/109/183
f 1163/110/184 1164/111/184 1157/103/184
f 1157/103/184 1156/102/184 1163/110/184
f 1164/111/185 1158/112/185 1151/104/185
f 1151/104/185 1157/103/185 1164/111/185
f 1159/106/186 1158/105/186 1165/113/186
f 1159/106/186 1165/113/186 1166/114/186
f 1160/107/187 1159/106/187 1166/114/187
f 1160/107/187 1166/114/187 1167/115/187
f 1161/108/188 1160/107/188 1167/115/188
f 1161/108/188 1167/115/188 1168/116/188
f 1162/109/189 1161/108/189 1168/116/189
f 1162/109/189 1168/116/189 1169/117/189
f 1169/117/190 1170/118/190 1163/110/190
f 1163/110/190 1162/109/190 1169/117/190
f 1171/119/191 1164/111/191 1163/110/191
f 1171/119/191 1163/110/191 1170/118/191
f 1165/120/192 1158/112/192 1164/111/192
f 1165/120/192 1164/111/192 1171/119/192
f 1166/114/193 1165/113/193 1172/121/193
f 1166/114/193 1172/121/193 1173/122/193
f 1167/115/194 1166/114/194 1173/122/194
f 1167/115/194 1173/122/194 1174/123/194
f 1168/116/195 1167/115/195 1174/123/195
f 1168/116/195 1174/123/195 1175/124/195
f 1168/116/196 1175/124/196 1176/125/196
f 1169/117/196 1168/116/196 1176/125/196
f 1176/125/197 1177/126/197 1170/118/197
f 1170/118/197 1169/117/197 1176/125/197
f 1177/126/198 1178/127/198 1171/119/198
f 1171/119/198 1170/118/198 1177/126/198
f 1172/128/199 1165/120/199 1171/119/199
f 1172/128/199 1171/119/199 1178/127/199
f 1173/122/200 1172/121/200 1081/129/200
f 1173/122/200 1081/129/200 1082/16/200
f 1174/123/201 1173/122/201 1082/16/201
f 1174/123/201 1082/16/201 1083/19/201
f 1174/123/202 1083/19/202 1084/22/202
f 1175/124/202 1174/123/202 1084/22/202
f 1175/124/203 1084/22/203 1085/25/203
f 1176/125/203 1175/124/203 1085/25/203
f 1085/25/204 1086/28/204 1177/126/204
f 1177/126/204 1176/125/204 1085/25/204
f 1086/28/205 1087/31/205 1178/127/205
f 1178/127/205 1177/126/205 1086/28/205
f 1081/33/206 1172/128/206 1178/127/206
f 1081/33/206 1178/127/206 1087/31/206
usemtl Material_1
f 16/2/1 13/4/1 14/1/1
f 16/2/1 14/1/1 15/3/1
f 9/2/2 12/4/2 11/1/2
f 9/2/2 11/1/2 10/3/2
f 13/2/3 9/4/3 10/1/3
f 13/2/3 10/1/3 14/3/3
f 14/2/4 10/4/4 11/1/4
f 14/2/4 11/1/4 15/3/4
f 15/2/5 11/4/5 12/1/5
f 15/2/5 12/1/5 16/3/5
f 16/2/6 12/4/6 9/1/6
f 16/2/6 9/1/6 13/3/6
f 96/7/48 95/5/48 100/6/48
f 97/8/48 96/7/48 100/6/48
f 98/9/48 97/8/48 100/6/48
f 95/5/48 98/9/48 100/6/48
f 95/4/51 96/1/51 99/10/51
f 96/4/52 97/1/52 99/10/52
f 97/4/53 98/1/53 99/10/53
f 98/4/54 95/1/54 99/10/54
f 108/2/55 105/4/55 106/1/55
f 108/2/55 106/1/55 107/3/55
f 101/2/56 104/4/56 103/1/56
f 101/2/56 103/1/56 102/3/56
f 105/2/3 101/4/3 102/1/3
f 105/2/3 102/1/3 106/3/3
f 106/2/57 102/4/57 103/1/57
f 106/2/57 103/1/57 107/3/57
f 107/2/5 103/4/5 104/1/5
f 107/2/5 104/1/5 108/3/5
f 108/2/58 104/4/58 101/1/58
f 108/2/58 101/1/58 105/3/58
f 124/7/64 123/5/64 128/6/64
f 125/8/64 124/7/64 128/6/64
f 126/9/64 125/8/64 128/6/64
f 123/5/64 126/9/64 128/6/64
f 123/4/67 124/1/67 127/10/67
f 124/4/68 125/1/68 127/10/68
f 125/4/69 126/1/69 127/10/69
f 126/4/70 123/1/70 127/10/70
f 152/7/80 151/5/80 156/6/80
f 153/8/80 152/7/80 156/6/80
f 154/9/80 153/8/80 156/6/80
f 151/5/80 154/9/80 156/6/80
f 151/4/83 152/1/83 155/10/83
f 152/4/84 153/1/84 155/10/84
f 153/4/85 154/1/85 155/10/85
f 154/4/86 151/1/86 155/10/86
f 1180/14/2 1179/15/2 1186/11/2
f 1180/14/2 1186/11/2 1187/13/2
f 1181/18/111 1180/14/111 1187/13/111
f 1181/18/111 1187/13/111 1188/17/111
f 1182/21/112 1181/18/112 1188/17/112
f 1182/21/112 1188/17/112 1189/20/112
f 1183/24/113 1182/21/113 1189/20/113
f 1183/24/113 1189/20/113 1190/23/113
f 1191/26/114 1184/27/114 1183/24/114
f 1191/26/114 1183/24/114 1190/23/114
f 1192/29/115 1185/30/115 1184/27/115
f 1192/29/115 1184/27/115 1191/26/115
f 1186/32/116 1179/12/116 1185/30/116
f 1186/32/116 1185/30/116 1192/29/116
f 1187/13/117 1186/11/117 1193/34/117
f 1187/13/117 1193/34/117 1194/35/117
f 1187/13/118 1194/35/118 1195/36/118
f 1188/17/118 1187/13/118 1195/36/118
f 1188/17/119 1195/36/119 1196/37/119
f 1189/20/119 1188/17/119 1196/37/119
f 1189/20/120 1196/37/120 1197/38/120
f 1190/23/120 1189/20/120 1197/38/120
f 1197/38/121 1198/39/121 1191/26/121
f 1191/26/121 1190/23/121 1197/38/121
f 1198/39/122 1199/40/122 1192/29/122
f 1192/29/122 1191/26/122 1198/39/122
f 1199/40/123 1193/41/123 1186/32/123
f 1186/32/123 1192/29/123 1199/40/123
f 1194/35/124 1193/34/124 1200/42/124
f 1194/35/124 1200/42/124 1201/43/124
f 1194/35/125 1201/43/125 1202/44/125
f 1195/36/125 1194/35/125 1202/44/125
f 1195/36/126 1202/44/126 1203/45/126
f 1196/37/126 1195/36/126 1203/45/126
f 1197/38/127 1196/37/127 1203/45/127
f 1197/38/127 1203/45/127 1204/46/127
f 1205/47/128 1198/39/128 1197/38/128
f 1205/47/128 1197/38/128 1204/46/128
f 1205/47/129 1206/48/129 1199/40/129
f 1199/40/129 1198/39/129 1205/47/129
f 1206/48/130 1200/49/130 1193/41/130
f 1193/41/130 1199/40/130 1206/48/130
f 1201/43/131 1200/42/131 1207/50/131
f 1201/43/131 1207/50/131 1208/51/131
f 1202/44/132 1201/43/132 1208/51/132
f 1202/44/132 1208/51/132 1209/52/132
f 1203/45/133 1202/44/133 1209/52/133
f 1203/45/133 1209/52/133 1210/53/133
f 1204/46/134 1203/45/134 1210/53/134
f 1204/46/134 1210/53/134 1211/54/134
f 1212/55/135 1205/47/135 1204/46/135
f 1212/55/135 1204/46/135 1211/54/135
f 1213/56/136 1206/48/136 1205/47/136
f 1213/56/136 1205/47/136 1212/55/136
f 1207/57/137 1200/49/137 1206/48/137
f 1207/57/137 1206/48/137 1213/56/137
f 1208/51/138 1207/50/138 1214/58/138
f 1208/51/138 1214/58/138 1215/59/138
f 1209/52/139 1208/51/139 1215/59/139
f 1209/52/139 1215/59/139 1216/60/139
f 1209/52/140 1216/60/140 1217/61/140
f 1210/53/140 1209/52/140 1217/61/140
f 1210/53/141 1217/61/141 1218/62/141
f 1211/54/141 1210/53/141 1218/62/141
f 1218/62/142 1219/63/142 1212/55/142
f 1212/55/142 1211/54/142 1218/62/142
f 1219/63/143 1220/64/143 1213/56/143
f 1213/56/143 1212/55/143 1219/63/143
f 1214/65/144 1207/57/144 1213/56/144
f 1214/65/144 1213/56/144 1220/64/144
f 1215/59/145 1214/58/145 1221/66/145
f 1215/59/145 1221/66/145 1222/67/145
f 1216/60/146 1215/59/146 1222/67/146
f 1216/60/146 1222/67/146 1223/68/146
f 1217/61/147 1216/60/147 1223/68/147
f 1217/61/147 1223/68/147 1224/69/147
f 1217/61/148 1224/69/148 1225/70/148
f 1218/62/148 1217/61/148 1225/70/148
f 1225/70/149 1226/71/149 1219/63/149
f 1219/63/149 1218/62/149 1225/70/149
f 1227/72/150 1220/64/150 1219/63/150
f 1227/72/150 1219/63/150 1226/71/150
f 1221/73/151 1214/65/151 1220/64/151
f 1221/73/151 1220/64/151 1227/72/151
f 1222/67/152 1221/66/152 1228/74/152
f 1222/67/152 1228/74/152 1229/75/152
f 1222/67/153 1229/75/153 1230/76/153
f 1223/68/153 1222/67/153 1230/76/153
f 1224/69/154 1223/68/154 1230/76/154
f 1224/69/154 1230/76/154 1231/77/154
f 1224/69/155 1231/77/155 1232/6/155
f 1225/70/155 1224/69/155 1232/6/155
f 1232/6/156 1233/78/156 1226/71/156
f 1226/71/156 1225/70/156 1232/6/156
f 1234/79/157 1227/72/157 1226/71/157
f 1234/79/157 1226/71/157 1233/78/157
f 1234/79/158 1228/80/158 1221/73/158
f 1221/73/158 1227/72/158 1234/79/158
f 1229/75/1 1228/74/1 1235/81/1
f 1229/75/1 1235/81/1 1236/82/1
f 1229/75/159 1236/82/159 1237/83/159
f 1230/76/159 1229/75/159 1237/83/159
f 1230/76/160 1237/83/160 1238/84/160
f 1231/77/160 1230/76/160 1238/84/160
f 1231/77/161 1238/84/161 1239/85/161
f 1232/6/161 1231/77/161 1239/85/161
f 1239/85/162 1240/86/162 1233/78/162
f 1233/78/162 1232/6/162 1239/85/162
f 1240/86/163 1241/87/163 1234/79/163
f 1234/79/163 1233/78/163 1240/86/163
f 1241/87/164 1235/88/164 1228/80/164
f 1228/80/164 1234/79/164 1241/87/164
f 1236/82/165 1235/81/165 1242/89/165
f 1236/82/165 1242/89/165 1243/90/165
f 1237/83/166 1236/82/166 1243/90/166
f 1237/83/166 1243/90/166 1244/91/166
f 1238/84/167 1237/83/167 1244/91/167
f 1238/84/167 1244/91/167 1245/92/167
f 1238/84/168 1245/92/168 1246/93/168
f 1239/85/168 1238/84/168 1246/93/168
f 1246/93/169 1247/94/169 1240/86/169
f 1240/86/169 1239/85/169 1246/93/169
f 1248/95/170 1241/87/170 1240/86/170
f 1248/95/170 1240/86/170 1247/94/170
f 1242/96/171 1235/88/171 1241/87/171
f 1242/96/171 1241/87/171 1248/95/171
f 1243/90/172 1242/89/172 1249/97/172
f 1243/90/172 1249/97/172 1250/98/172
f 1244/91/173 1243/90/173 1250/98/173
f 1244/91/173 1250/98/173 1251/99/173
f 1245/92/174 1244/91/174 1251/99/174
f 1245/92/174 1251/99/174 1252/100/174
f 1245/92/175 1252/100/175 1253/101/175
f 1246/93/175 1245/92/175 1253/101/175
f 1253/101/176 1254/102/176 1247/94/176
f 1247/94/176 1246/93/176 1253/101/176
f 1255/103/177 1248/95/177 1247/94/177
f 1255/103/177 1247/94/177 1254/102/177
f 1249/104/178 1242/96/178 1248/95/178
f 1249/104/178 1248/95/178 1255/103/178
f 1250/98/179 1249/97/179 1256/105/179
f 1250/98/179 1256/105/179 1257/106/179
f 1250/98/180 1257/106/180 1258/107/180
f 1251/99/180 1250/98/180 1258/107/180
f 1251/99/181 1258/107/181 1259/108/181
f 1252/100/181 1251/99/181 1259/108/181
f 1252/100/182 1259/108/182 1260/109/182
f 1253/101/182 1252/100/182 1260/109/182
f 1260/109/183 1261/110/183 1254/102/183
f 1254/102/183 1253/101/183 1260/109/183
f 1261/110/184 1262/111/184 1255/103/184
f 1255/103/184 1254/102/184 1261/110/184
f 1262/111/185 1256/112/185 1249/104/185
f 1249/104/185 1255/103/185 1262/111/185
f 1257/106/186 1256/105/186 1263/113/186
f 1257/106/186 1263/113/186 1264/114/186
f 1258/107/187 1257/106/187 1264/114/187
f 1258/107/187 1264/114/187 1265/115/187
f 1259/108/188 1258/107/188 1265/115/188
f 1259/108/188 1265/115/188 1266/116/188
f 1260/109/189 1259/108/189 1266/116/189
f 1260/109/189 1266/116/189 1267/117/189
f 1267/117/190 1268/118/190 1261/110/190
f 1261/110/190 1260/109/190 1267/117/190
f 1269/119/191 1262/111/191 1261/110/191
f 1269/119/191 1261/110/191 1268/118/191
f 1263/120/192 1256/112/192 1262/111/192
f 1263/120/192 1262/111/192 1269/119/192
f 1264/114/193 1263/113/193 1270/121/193
f 1264/114/193 1270/121/193 1271/122/193
f 1265/115/194 1264/114/194 1271/122/194
f 1265/115/194 1271/122/194 1272/123/194
f 1266/116/195 1265/115/195 1272/123/195
f 1266/116/195 1272/123/195 1273/124/195
f 1266/116/196 1273/124/196 1274/125/196
f 1267/117/196 1266/116/196 1274/125/196
f 1274/125/197 1275/126/197 1268/118/197
f 1268/118/197 1267/117/197 1274/125/197
f 1275/126/198 1276/127/198 1269/119/198
f 1269/119/198 1268/118/198 1275/126/198
f 1270/128/199 1263/120/199 1269/119/199
f 1270/128/199 1269/119/199 1276/127/199
f 1271/122/200 1270/121/200 1179/129/200
f 1271/122/200 1179/129/200 1180/16/200
f 1272/123/201 1271/122/201 1180/16/201
f 1272/123/201 1180/16/201 1181/19/201
f 1272/123/202 1181/19/202 1182/22/202
f 1273/124/202 1272/123/202 1182/22/202
f 1273/124/203 1182/22/203 1183/25/203
f 1274/125/203 1273/124/203 1183/25/203
f 1183/25/204 1184/28/204 1275/126/204
f 1275/126/204 1274/125/204 1183/25/204
f 1184/28/205 1185/31/205 1276/127/205
f 1276/127/205 1275/126/205 1184/28/205
f 1179/33/206 1270/128/206 1276/127/206
f 1179/33/206 1276/127/206 1185/31/206
f 1278/14/2 1277/15/2 1284/11/2
f 1278/14/2 1284/11/2 1285/13/2
f 1279/18/111 1278/14/111 1285/13/111
f 1279/18/111 1285/13/111 1286/17/111
f 1280/21/112 1279/18/112 1286/17/112
f 1280/21/112 1286/17/112 1287/20/112
f 1281/24/113 1280/21/113 1287/20/113
f 1281/24/113 1287/20/113 1288/23/113
f 1289/26/114 1282/27/114 1281/24/114
f 1289/26/114 1281/24/114 1288/23/114
f 1290/29/115 1283/30/115 1282/27/115
f 1290/29/115 1282/27/115 1289/26/115
f 1284/32/116 1277/12/116 1283/30/116
f 1284/32/116 1283/30/116 1290/29/116
f 1285/13/117 1284/11/117 1291/34/117
f 1285/13/117 1291/34/117 1292/35/117
f 1285/13/118 1292/35/118 1293/36/118
f 1286/17/118 1285/13/118 1293/36/118
f 1286/17/119 1293/36/119 1294/37/119
f 1287/20/119 1286/17/119 1294/37/119
f 1287/20/120 1294/37/120 1295/38/120
f 1288/23/120 1287/20/120 1295/38/120
f 1295/38/121 1296/39/121 1289/26/121
f 1289/26/121 1288/23/121 1295/38/121
f 1296/39/122 1297/40/122 1290/29/122
f 1290/29/122 1289/26/122 1296/39/122
f 1297/40/123 1291/41/123 1284/32/123
f 1284/32/123 1290/29/123 1297/40/123
f 1292/35/124 1291/34/124 1298/42/124
f 1292/35/124 1298/42/124 1299/43/124
f 1292/35/125 1299/43/125 1300/44/125
f 1293/36/125 1292/35/125 1300/44/125
f 1293/36/126 1300/44/126 1301/45/126
f 1294/37/126 1293/36/126 1301/45/126
f 1295/38/127 1294/37/127 1301/45/127
f 1295/38/127 1301/45/127 1302/46/127
f 1303/47/128 1296/39/128 1295/38/128
f 1303/47/128 1295/38/128 1302/46/128
f 1303/47/129 1304/48/129 1297/40/129
f 1297/40/129 1296/39/129 1303/47/129
f 1304/48/130 1298/49/130 1291/41/130
f 1291/41/130 1297/40/130 1304/48/130
f 1299/43/131 1298/42/131 1305/50/131
f 1299/43/131 1305/50/131 1306/51/131
f 1300/44/132 1299/43/132 1306/51/132
f 1300/44/132 1306/51/132 1307/52/132
f 1301/45/133 1300/44/133 1307/52/133
f 1301/45/133 1307/52/133 1308/53/133
f 1302/46/134 1301/45/134 1308/53/134
f 1302/46/134 1308/53/134 1309/54/134
f 1310/55/135 1303/47/135 1302/46/135
f 1310/55/135 1302/46/135 1309/54/135
f 1311/56/136 1304/48/136 1303/47/136
f 1311/56/136 1303/47/136 1310/55/136
f 1305/57/137 1298/49/137 1304/48/137
f 1305/57/137 1304/48/137 1311/56/137
f 1306/51/138 1305/50/138 1312/58/138
f 1306/51/138 1312/58/138 1313/59/138
f 1307/52/139 1306/51/139 1313/59/139
f 1307/52/139 1313/59/139 1314/60/139
f 1307/52/140 1314/60/140 1315/61/140
f 1308/53/140 1307/52/140 1315/61/140
f 1308/53/141 1315/61/141 1316/62/141
f 1309/54/141 1308/53/141 1316/62/141
f 1316/62/142 1317/63/142 1310/55/142
f 1310/55/142 1309/54/142 1316/62/142
f 1317/63/143 1318/64/143 1311/56/143
f 1311/56/143 1310/55/143 1317/63/143
f 1312/65/144 1305/57/144 1311/56/144
f 1312/65/144 1311/56/144 1318/64/144
f 1313/59/145 1312/58/145 1319/66/145
f 1313/59/145 1319/66/145 1320/67/145
f 1314/60/146 1313/59/146 1320/67/146
f 1314/60/146 1320/67/146 1321/68/146
f 1315/61/147 1314/60/147 1321/68/147
f 1315/61/147 1321/68/147 1322/69/147
f 1315/61/148 1322/69/148 1323/70/148
f 1316/62/148 1315/61/148 1323/70/148
f 1323/70/149 1324/71/149 1317/63/149
f 1317/63/149 1316/62/149 1323/70/149
f 1325/72/150 1318/64/150 1317/63/150
f 1325/72/150 1317/63/150 1324/71/150
f 1319/73/151 1312/65/151 1318/64/151
f 1319/73/151 1318/64/151 1325/72/151
f 1320/67/152 1319/66/152 1326/74/152
f 1320/67/152 1326/74/152 1327/75/152
f 1320/67/153 1327/75/153 1328/76/153
f 1321/68/153 1320/67/153 1328/76/153
f 1322/69/154 1321/68/154 1328/76/154
f 1322/69/154 1328/76/154 1329/77/154
f 1322/69/155 1329/77/155 1330/6/155
f 1323/70/155 1322/69/155 1330/6/155
f 1330/6/156 1331/78/156 1324/71/156
f 1324/71/156 1323/70/156 1330/6/156
f 1332/79/157 1325/72/157 1324/71/157
f 1332/79/157 1324/71/157 1331/78/157
f 1332/79/158 1326/80/158 1319/73/158
f 1319/73/158 1325/72/158 1332/79/158
f 1327/75/1 1326/74/1 1333/81/1
f 1327/75/1 1333/81/1 1334/82/1
f 1327/75/159 1334/82/159 1335/83/159
f 1328/76/159 1327/75/159 1335/83/159
f 1328/76/160 1335/83/160 1336/84/160
f 1329/77/160 1328/76/160 1336/84/160
f 1329/77/161 1336/84/161 1337/85/161
f 1330/6/161 1329/77/161 1337/85/161
f 1337/85/162 1338/86/162 1331/78/162
f 1331/78/162 1330/6/162 1337/85/162
f 1338/86/163 1339/87/163 1332/79/163
f 1332/79/163 1331/78/163 1338/86/163
f 1339/87/164 1333/88/164 1326/80/164
f 1326/80/164 1332/79/164 1339/87/164
f 1334/82/165 1333/81/165 1340/89/165
f 1334/82/165 1340/89/165 1341/90/165
f 1335/83/166 1334/82/166 1341/90/166
f 1335/83/166 1341/90/166 1342/91/166
f 1336/84/167 1335/83/167 1342/91/167
f 1336/84/167 1342/91/167 1343/92/167
f 1336/84/168 1343/92/168 1344/93/168
f 1337/85/168 1336/84/168 1344/93/168
f 1344/93/169 1345/94/169 1338/86/169
f 1338/86/169 1337/85/169 1344/93/169
f 1346/95/170 1339/87/170 1338/86/170
f 1346/95/170 1338/86/170 1345/94/170
f 1340/96/171 1333/88/171 1339/87/171
f 1340/96/171 1339/87/171 1346/95/171
f 1341/90/172 1340/89/172 1347/97/172
f 1341/90/172 1347/97/172 1348/98/172
f 1342/91/173 1341/90/173 1348/98/173
f 1342/91/173 1348/98/173 1349/99/173
f 1343/92/174 1342/91/174 1349/99/174
f 1343/92/174 1349/99/174 1350/100/174
f 1343/92/175 1350/100/175 1351/101/175
f 1344/93/175 1343/92/175 1351/101/175
f 1351/101/176 1352/102/176 1345/94/176
f 1345/94/176 1344/93/176 1351/101/176
f 1353/103/177 1346/95/177 1345/94/177
f 1353/103/177 1345/94/177 1352/102/177
f 1347/104/178 1340/96/178 1346/95/178
f 1347/104/178 1346/95/178 1353/103/178
f 1348/98/179 1347/97/179 1354/105/179
f 1348/98/179 1354/105/179 1355/106/179
f 1348/98/180 1355/106/180 1356/107/180
f 1349/99/180 1348/98/180 1356/107/180
f 1349/99/181 1356/107/181 1357/108/181
f 1350/100/181 1349/99/181 1357/108/181
f 1350/100/182 1357/108/182 1358/109/182
f 1351/101/182 1350/100/182 1358/109/182
f 1358/109/183 1359/110/183 1352/102/183
f 1352/102/183 1351/101/183 1358/109/183
f 1359/110/184 1360/111/184 1353/103/184
f 1353/103/184 1352/102/184 1359/110/184
f 1360/111/185 1354/112/185 1347/104/185
f 1347/104/185 1353/103/185 1360/111/185
f 1355/106/186 1354/105/186 1361/113/186
f 1355/106/186 1361/113/186 1362/114/186
f 1356/107/187 1355/106/187 1362/114/187
f 1356/107/187 1362/114/187 1363/115/187
f 1357/108/188 1356/107/188 1363/115/188
f 1357/108/188 1363/115/188 1364/116/188
f 1358/109/189 1357/108/189 1364/116/189
f 1358/109/189 1364/116/189 1365/117/189
f 1365/117/190 1366/118/190 1359/110/190
f 1359/110/190 1358/109/190 1365/117/190
f 1367/119/191 1360/111/191 1359/110/191
f 1367/119/191 1359/110/191 1366/118/191
f 1361/120/192 1354/112/192 1360/111/192
f 1361/120/192 1360/111/192 1367/119/192
f 1362/114/193 1361/113/193 1368/121/193
f 1362/114/193 1368/121/193 1369/122/193
f 1363/115/194 1362/114/194 1369/122/194
f 1363/115/194 1369/122/194 1370/123/194
f 1364/116/195 1363/115/195 1370/123/195
f 1364/116/195 1370/123/195 1371/124/195
f 1364/116/196 1371/124/196 1372/125/196
f 1365/117/196 1364/116/196 1372/125/196
f 1372/125/197 1373/126/197 1366/118/197
f 1366/118/197 1365/117/197 1372/125/197
f 1373/126/198 1374/127/198 1367/119/198
f 1367/119/198 1366/118/198 1373/126/198
f 1368/128/199 1361/120/199 1367/119/199
f 1368/128/199 1367/119/199 1374/127/199
f 1369/122/200 1368/121/200 1277/129/200
f 1369/122/200 1277/129/200 1278/16/200
f 1370/123/201 1369/122/201 1278/16/201
f 1370/123/201 1278/16/201 1279/19/201
f 1370/123/202 1279/19/202 1280/22/202
f 1371/124/202 1370/123/202 1280/22/202
f 1371/124/203 1280/22/203 1281/25/203
f 1372/125/203 1371/124/203 1281/25/203
f 1281/25/204 1282/28/204 1373/126/204
f 1373/126/204 1372/125/204 1281/25/204
f 1282/28/205 1283/31/205 1374/127/205
f 1374/127/205 1373/126/205 1282/28/205
f 1277/33/206 1368/128/206 1374/127/206
f 1277/33/206 1374/127/206 1283/31/206
usemtl Material_2
f 180/7/96 179/5/96 184/6/96
f 181/8/96 180/7/96 184/6/96
f 182/9/96 181/8/96 184/6/96
f 179/5/96 182/9/96 184/6/96
f 179/4/99 180/1/99 183/10/99
f 180/4/100 181/1/100 183/10/100
f 181/4/101 182/1/101 183/10/101
f 182/4/102 179/1/102 183/10/102
f 194/7/104 193/5/104 198/6/104
f 195/8/104 194/7/104 198/6/104
f 196/9/104 195/8/104 198/6/104
f 193/5/104 196/9/104 198/6/104
f 193/4/107 194/1/107 197/10/107
f 194/4/108 195/1/108 197/10/108
f 195/4/109 196/1/109 197/10/109
f 196/4/110 193/1/110 197/10/110
f 298/14/2 297/15/2 304/11/2
f 298/14/2 304/11/2 305/13/2
f 299/18/111 298/14/111 305/13/111
f 299/18/111 305/13/111 306/17/111
f 300/21/112 299/18/112 306/17/112
f 300/21/112 306/17/112 307/20/112
f 301/24/113 300/21/113 307/20/113
f 301/24/113 307/20/113 308/23/113
f 309/26/114 302/27/114 301/24/114
f 309/26/114 301/24/114 308/23/114
f 310/29/115 303/30/115 302/27/115
f 310/29/115 302/27/115 309/26/115
f 304/32/116 297/12/116 303/30/116
f 304/32/116 303/30/116 310/29/116
f 305/13/117 304/11/117 311/34/117
f 305/13/117 311/34/117 312/35/117
f 305/13/118 312/35/118 313/36/118
f 306/17/118 305/13/118 313/36/118
f 306/17/119 313/36/119 314/37/119
f 307/20/119 306/17/119 314/37/119
f 307/20/120 314/37/120 315/38/120
f 308/23/120 307/20/120 315/38/120
f 315/38/121 316/39/121 309/26/121
f 309/26/121 308/23/121 315/38/121
f 316/39/122 317/40/122 310/29/122
f 310/29/122 309/26/122 316/39/122
f 317/40/123 311/41/123 304/32/123
f 304/32/123 310/29/123 317/40/123
f 312/35/124 311/34/124 318/42/124
f 312/35/124 318/42/124 319/43/124
f 312/35/125 319/43/125 320/44/125
f 313/36/125 312/35/125 320/44/125
f 313/36/126 320/44/126 321/45/126
f 314/37/126 313/36/126 321/45/126
f 315/38/127 314/37/127 321/45/127
f 315/38/127 321/45/127 322/46/127
f 323/47/128 316/39/128 315/38/128
f 323/47/128 315/38/128 322/46/128
f 323/47/129 324/48/129 317/40/129
f 317/40/129 316/39/129 323/47/129
f 324/48/130 318/49/130 311/41/130
f 311/41/130 317/40/130 324/48/130
f 319/43/131 318/42/131 325/50/131
f 319/43/131 325/50/131 326/51/131
f 320/44/132 319/43/132 326/51/132
f 320/44/132 326/51/132 327/52/132
f 321/45/133 320/44/133 327/52/133
f 321/45/133 327/52/133 328/53/133
f 322/46/134 321/45/134 328/53/134
f 322/46/134 328/53/134 329/54/134
f 330/55/135 323/47/135 322/46/135
f 330/55/135 322/46/135 329/54/135
f 331/56/136 324/48/136 323/47/136
f 331/56/136 323/47/136 330/55/136
f 325/57/137 318/49/137 324/48/137
f 325/57/137 324/48/137 331/56/137
f 326/51/138 325/50/138 332/58/138
f 326/51/138 332/58/138 333/59/138
f 327/52/139 326/51/139 333/59/139
f 327/52/139 333/59/139 334/60/139
f 327/52/140 334/60/140 335/61/140
f 328/53/140 327/52/140 335/61/140
f 328/53/141 335/61/141 336/62/141
f 329/54/141 328/53/141 336/62/141
f 336/62/142 337/63/142 330/55/142
f 330/55/142 329/54/142 336/62/142
f 337/63/143 338/64/143 331/56/143
f 331/56/143 330/55/143 337/63/143
f 332/65/144 325/57/144 331/56/144
f 332/65/144 331/56/144 338/64/144
f 333/59/145 332/58/145 339/66/145
f 333/59/145 339/66/145 340/67/145
f 334/60/146 333/59/146 340/67/146
f 334/60/146 340/67/146 341/68/146
f 335/61/147 334/60/147 341/68/147
f 335/61/147 341/68/147 342/69/147
f 335/61/148 342/69/148 343/70/148
f 336/62/148 335/61/148 343/70/148
f 343/70/149 344/71/149 337/63/149
f 337/63/149 336/62/149 343/70/149
f 345/72/150 338/64/150 337/63/150
f 345/72/150 337/63/150 344/71/150
f 339/73/151 332/65/151 338/64/151
f 339/73/151 338/64/151 345/72/151
f 340/67/152 339/66/152 346/74/152
f 340/67/152 346/74/152 347/75/152
f 340/67/153 347/75/153 348/76/153
f 341/68/153 340/67/153 348/76/153
f 342/69/154 341/68/154 348/76/154
f 342/69/154 348/76/154 349/77/154
f 342/69/155 349/77/155 350/6/155
f 343/70/155 342/69/155 350/6/155
f 350/6/156 351/78/156 344/71/156
f 344/71/156 343/70/156 350/6/156
f 352/79/157 345/72/157 344/71/157
f 352/79/157 344/71/157 351/78/157
f 352/79/158 346/80/158 339/73/158
f 339/73/158 345/72/158 352/79/158
f 347/75/1 346/74/1 353/81/1
f 347/75/1 353/81/1 354/82/1
f 347/75/159 354/82/159 355/83/159
f 348/76/159 347/75/159 355/83/159
f 348/76/160 355/83/160 356/84/160
f 349/77/160 348/76/160 356/84/160
f 349/77/161 356/84/161 357/85/161
f 350/6/161 349/77/161 357/85/161
f 357/85/162 358/86/162 351/78/162
f 351/78/162 350/6/162 357/85/162
f 358/86/163 359/87/163 352/79/163
f 352/79/163 351/78/163 358/86/163
f 359/87/164 353/88/164 346/80/164
f 346/80/164 352/79/164 359/87/164
f 354/82/165 353/81/165 360/89/165
f 354/82/165 360/89/165 361/90/165
f 355/83/166 354/82/166 361/90/166
f 355/83/166 361/90/166 362/91/166
f 356/84/167 355/83/167 362/91/167
f 356/84/167 362/91/167 363/92/167
f 356/84/168 363/92/168 364/93/168
f 357/85/168 356/84/168 364/93/168
f 364/93/169 365/94/169 358/86/169
f 358/86/169 357/85/169 364/93/169
f 366/95/170 359/87/170 358/86/170
f 366/95/170 358/86/170 365/94/170
f 360/96/171 353/88/171 359/87/171
f 360/96/171 359/87/171 366/95/171
f 361/90/172 360/89/172 367/97/172
f 361/90/172 367/97/172 368/98/172
f 362/91/173 361/90/173 368/98/173
f 362/91/173 368/98/173 369/99/173
f 363/92/174 362/91/174 369/99/174
f 363/92/174 369/99/174 370/100/174
f 363/92/175 370/100/175 371/101/175
f 364/93/175 363/92/175 371/101/175
f 371/101/176 372/102/176 365/94/176
f 365/94/176 364/93/176 371/101/176
f 373/103/177 366/95/177 365/94/177
f 373/103/177 365/94/177 372/102/177
f 367/104/178 360/96/178 366/95/178
f 367/104/178 366/95/178 373/103/178
f 368/98/179 367/97/179 374/105/179
f 368/98/179 374/105/179 375/106/179
f 368/98/180 375/106/180 376/107/180
f 369/99/180 368/98/180 376/107/180
f 369/99/181 376/107/181 377/108/181
f 370/100/181 369/99/181 377/108/181
f 370/100/182 377/108/182 378/109/182
f 371/101/182 370/100/182 378/109/182
f 378/109/183 379/110/183 372/102/183
f 372/102/183 371/101/183 378/109/183
f 379/110/184 380/111/184 373/103/184
f 373/103/184 372/102/184 379/110/184
f 380/111/185 374/112/185 367/104/185
f 367/104/185 373/103/185 380/111/185
f 375/106/186 374/105/186 381/113/186
f 375/106/186 381/113/186 382/114/186
f 376/107/187 375/106/187 382/114/187
f 376/107/187 382/114/187 383/115/187
f 377/108/188 376/107/188 383/115/188
f 377/108/188 383/115/188 384/116/188
f 378/109/189 377/108/189 384/116/189
f 378/109/189 384/116/189 385/117/189
f 385/117/190 386/118/190 379/110/190
f 379/110/190 378/109/190 385/117/190
f 387/119/191 380/111/191 379/110/191
f 387/119/191 379/110/191 386/118/191
f 381/120/192 374/112/192 380/111/192
f 381/120/192 380/111/192 387/119/192
f 382/114/193 381/113/193 388/121/193
f 382/114/193 388/121/193 389/122/193
f 383/115/194 382/114/194 389/122/194
f 383/115/194 389/122/194 390/123/194
f 384/116/195 383/115/195 390/123/195
f 384/116/195 390/123/195 391/124/195
f 384/116/196 391/124/196 392/125/196
f 385/117/196 384/116/196 392/125/196
f 392/125/197 393/126/197 386/118/197
f 386/118/197 385/117/197 392/125/197
f 393/126/198 394/127/198 387/119/198
f 387/119/198 386/118/198 393/126/198
f 388/128/199 381/120/199 387/119/199
f 388/128/199 387/119/199 394/127/199
f 389/122/200 388/121/200 297/129/200
f 389/122/200 297/129/200 298/16/200
f 390/123/201 389/122/201 298/16/201
f 390/123/201 298/16/201 299/19/201
f 390/123/202 299/19/202 300/22/202
f 391/124/202 390/123/202 300/22/202
f 391/124/203 300/22/203 301/25/203
f 392/125/203 391/124/203 301/25/203
f 301/25/204 302/28/204 393/126/204
f 393/126/204 392/125/204 301/25/204
f 302/28/205 303/31/205 394/127/205
f 394/127/205 393/126/205 302/28/205
f 297/33/206 388/128/206 394/127/206
f 297/33/206 394/127/206 303/31/206
f 592/14/2 591/15/2 598/11/2
f 592/14/2 598/11/2 599/13/2
f 593/18/111 592/14/111 599/13/111
f 593/18/111 599/13/111 600/17/111
f 594/21/112 593/18/112 600/17/112
f 594/21/112 600/17/112 601/20/112
f 595/24/113 594/21/113 601/20/113
f 595/24/113 601/20/113 602/23/113
f 603/26/114 596/27/114 595/24/114
f 603/26/114 595/24/114 602/23/114
f 604/29/115 597/30/115 596/27/115
f 604/29/115 596/27/115 603/26/115
f 598/32/116 591/12/116 597/30/116
f 598/32/116 597/30/116 604/29/116
f 599/13/117 598/11/117 605/34/117
f 599/13/117 605/34/117 606/35/117
f 599/13/118 606/35/118 607/36/118
f 600/17/118 599/13/118 607/36/118
f 600/17/119 607/36/119 608/37/119
f 601/20/119 600/17/119 608/37/119
f 601/20/120 608/37/120 609/38/120
f 602/23/120 601/20/120 609/38/120
f 609/38/121 610/39/121 603/26/121
f 603/26/121 602/23/121 609/38/121
f 610/39/122 611/40/122 604/29/122
f 604/29/122 603/26/122 610/39/122
f 611/40/123 605/41/123 598/32/123
f 598/32/123 604/29/123 611/40/123
f 606/35/124 605/34/124 612/42/124
f 606/35/124 612/42/124 613/43/124
f 606/35/125 613/43/125 614/44/125
f 607/36/125 606/35/125 614/44/125
f 607/36/126 614/44/126 615/45/126
f 608/37/126 607/36/126 615/45/126
f 609/38/127 608/37/127 615/45/127
f 609/38/127 615/45/127 616/46/127
f 617/47/128 610/39/128 609/38/128
f 617/47/128 609/38/128 616/46/128
f 617/47/129 618/48/129 611/40/129
f 611/40/129 610/39/129 617/47/129
f 618/48/130 612/49/130 605/41/130
f 605/41/130 611/40/130 618/48/130
f 613/43/131 612/42/131 619/50/131
f 613/43/131 619/50/131 620/51/131
f 614/44/132 613/43/132 620/51/132
f 614/44/132 620/51/132 621/52/132
f 615/45/133 614/44/133 621/52/133
f 615/45/133 621/52/133 622/53/133
f 616/46/134 615/45/134 622/53/134
f 616/46/134 622/53/134 623/54/134
f 624/55/135 617/47/135 616/46/135
f 624/55/135 616/46/135 623/54/135
f 625/56/136 618/48/136 617/47/136
f 625/56/136 617/47/136 624/55/136
f 619/57/137 612/49/137 618/48/137
f 619/57/137 618/48/137 625/56/137
f 620/51/138 619/50/138 626/58/138
f 620/51/138 626/58/138 627/59/138
f 621/52/139 620/51/139 627/59/139
f 621/52/139 627/59/139 628/60/139
f 621/52/140 628/60/140 629/61/140
f 622/53/140 621/52/140 629/61/140
f 622/53/141 629/61/141 630/62/141
f 623/54/141 622/53/141 630/62/141
f 630/62/142 631/63/142 624/55/142
f 624/55/142 623/54/142 630/62/142
f 631/63/143 632/64/143 625/56/143
f 625/56/143 624/55/143 631/63/143
f 626/65/144 619/57/144 625/56/144
f 626/65/144 625/56/144 632/64/144
f 627/59/145 626/58/145 633/66/145
f 627/59/145 633/66/145 634/67/145
f 628/60/146 627/59/146 634/67/146
f 628/60/146 634/67/146 635/68/146
f 629/61/147 628/60/147 635/68/147
f 629/61/147 635/68/147 636/69/147
f 629/61/148 636/69/148 637/70/148
f 630/62/148 629/61/148 637/70/148
f 637/70/149 638/71/149 631/63/149
f 631/63/149 630/62/149 637/70/149
f 639/72/150 632/64/150 631/63/150
f 639/72/150 631/63/150 638/71/150
f 633/73/151 626/65/151 632/64/151
f 633/73/151 632/64/151 639/72/151
f 634/67/152 633/66/152 640/74/152
f 634/67/152 640/74/152 641/75/152
f 634/67/153 641/75/153 642/76/153
f 635/68/153 634/67/153 642/76/153
f 636/69/154 635/68/154 642/76/154
f 636/69/154 642/76/154 643/77/154
f 636/69/155 643/77/155 644/6/155
f 637/70/155 636/69/155 644/6/155
f 644/6/156 645/78/156 638/71/156
f 638/71/156 637/70/156 644/6/156
f 646/79/157 639/72/157 638/71/157
f 646/79/157 638/71/157 645/78/157
f 646/79/158 640/80/158 633/73/158
f 633/73/158 639/72/158 646/79/158
f 641/75/1 640/74/1 647/81/1
f 641/75/1 647/81/1 648/82/1
f 641/75/159 648/82/159 649/83/159
f 642/76/159 641/75/159 649/83/159
f 642/76/160 649/83/160 650/84/160
f 643/77/160 642/76/160 650/84/160
f 643/77/161 650/84/161 651/85/161
f 644/6/161 643/77/161 651/85/161
f 651/85/162 652/86/162 645/78/162
f 645/78/162 644/6/162 651/85/162
f 652/86/163 653/87/163 646/79/163
f 646/79/163 645/78/163 652/86/163
f 653/87/164 647/88/164 640/80/164
f 640/80/164 646/79/164 653/87/164
f 648/82/165 647/81/165 654/89/165
f 648/82/165 654/89/165 655/90/165
f 649/83/166 648/82/166 655/90/166
f 649/83/166 655/90/166 656/91/166
f 650/84/167 649/83/167 656/91/167
f 650/84/167 656/91/167 657/92/167
f 650/84/168 657/92/168 658/93/168
f 651/85/168 650/84/168 658/93/168
f 658/93/169 659/94/169 652/86/169
f 652/86/169 651/85/169 658/93/169
f 660/95/170 653/87/170 652/86/170
f 660/95/170 652/86/170 659/94/170
f 654/96/171 647/88/171 653/87/171
f 654/96/171 653/87/171 660/95/171
f 655/90/172 654/89/172 661/97/172
f 655/90/172 661/97/172 662/98/172
f 656/91/173 655/90/173 662/98/173
f 656/91/173 662/98/173 663/99/173
f 657/92/174 656/91/174 663/99/174
f 657/92/174 663/99/174 664/100/174
f 657/92/175 664/100/175 665/101/175
f 658/93/175 657/92/175 665/101/175
f 665/101/176 666/102/176 659/94/176
f 659/94/176 658/93/176 665/101/176
f 667/103/177 660/95/177 659/94/177
f 667/103/177 659/94/177 666/102/177
f 661/104/178 654/96/178 660/95/178
f 661/104/178 660/95/178 667/103/178
f 662/98/179 661/97/179 668/105/179
f 662/98/179 668/105/179 669/106/179
f 662/98/180 669/106/180 670/107/180
f 663/99/180 662/98/180 670/107/180
f 663/99/181 670/107/181 671/108/181
f 664/100/181 663/99/181 671/108/181
f 664/100/182 671/108/182 672/109/182
f 665/101/182 664/100/182 672/109/182
f 672/109/183 673/110/183 666/102/183
f 666/102/183 665/101/183 672/109/183
f 673/110/184 674/111/184 667/103/184
f 667/103/184 666/102/184 673/110/184
f 674/111/185 668/112/185 661/104/185
f 661/104/185 667/103/185 674/111/185
f 669/106/186 668/105/186 675/113/186
f 669/106/186 675/113/186 676/114/186
f 670/107/187 669/106/187 676/114/187
f 670/107/187 676/114/187 677/115/187
f 671/108/188 670/107/188 677/115/188
f 671/108/188 677/115/188 678/116/188
f 672/109/189 671/108/189 678/116/189
f 672/109/189 678/116/189 679/117/189
f 679/117/190 680/118/190 673/110/190
f 673/110/190 672/109/190 679/117/190
f 681/119/191 674/111/191 673/110/191
f 681/119/191 673/110/191 680/118/191
f 675/120/192 668/112/192 674/111/192
f 675/120/192 674/111/192 681/119/192
f 676/114/193 675/113/193 682/121/193
f 676/114/193 682/121/193 683/122/193
f 677/115/194 676/114/194 683/122/194
f 677/115/194 683/122/194 684/123/194
f 678/116/195 677/115/195 684/123/195
f 678/116/195 684/123/195 685/124/195
f 678/116/196 685/124/196 686/125/196
f 679/117/196 678/116/196 686/125/196
f 686/125/197 687/126/197 680/118/197
f 680/118/197 679/117/197 686/125/197
f 687/126/198 688/127/198 681/119/198
f 681/119/198 680/118/198 687/126/198
f 682/128/199 675/120/199 681/119/199
f 682/128/199 681/119/199 688/127/199
f 683/122/200 682/121/200 591/129/200
f 683/122/200 591/129/200 592/16/200
f 684/123/201 683/122/201 592/16/201
f 684/123/201 592/16/201 593/19/201
f 684/123/202 593/19/202 594/22/202
f 685/124/202 684/123/202 594/22/202
f 685/124/203 594/22/203 595/25/203
f 686/125/203 685/124/203 595/25/203
f 595/25/204 596/28/204 687/126/204
f 687/126/204 686/125/204 595/25/204
f 596/28/205 597/31/205 688/127/205
f 688/127/205 687/126/205 596/28/205
f 591/33/206 682/128/206 688/127/206
f 591/33/206 688/127/206 597/31/206
